user_id,first_resolved_at,no_of_questions_resolved
29211,2021-06-21 23:05:31.733 UTC,4780
29748,2021-06-14 16:16:49.408 UTC,4452
62952,2021-06-17 11:37:40.082 UTC,3587
29433,2021-06-15 15:20:45.142 UTC,3332
28112,2021-06-15 07:31:01.728 UTC,3162
63923,2021-07-06 12:27:35.220 UTC,2815
26066,2021-06-28 10:58:00.175 UTC,2807
29329,2021-07-21 14:13:24.092 UTC,2800
29185,2021-06-21 17:32:24.906 UTC,2782
27097,2021-06-29 00:41:50.421 UTC,2746
27597,2021-07-06 20:41:51.263 UTC,2703
29334,2021-07-20 21:36:10.573 UTC,2698
24948,2021-06-20 10:09:20.659 UTC,2673
27370,2021-06-15 07:35:28.179 UTC,2566
29002,2021-06-14 13:40:18.787 UTC,2530
63130,2021-06-30 18:58:48.843 UTC,2499
25723,2021-07-12 21:13:33.234 UTC,2495
27668,2021-07-17 16:15:09.575 UTC,2421
27574,2021-06-30 08:09:11.271 UTC,2398
24838,2021-06-14 13:31:47.657 UTC,2395
47488,2021-07-01 16:50:00.175 UTC,2359
29800,2021-06-15 12:10:09.398 UTC,2332
27912,2021-06-24 21:20:51.822 UTC,2321
29059,2021-07-29 16:48:12.961 UTC,2283
47455,2021-06-15 13:44:04.337 UTC,2195
61380,2021-07-26 15:54:32.433 UTC,2162
29082,2021-06-16 20:56:22.099 UTC,2151
63026,2021-06-14 21:15:28.440 UTC,2140
64189,2021-07-04 17:19:19.695 UTC,2080
29583,2021-07-02 19:22:04.229 UTC,2074
23886,2021-07-12 17:32:15.504 UTC,2037
29094,2021-06-14 13:27:11.102 UTC,1975
28789,2021-06-27 20:34:25.286 UTC,1969
29710,2021-08-05 06:46:21.704 UTC,1969
61260,2021-06-14 10:44:22.540 UTC,1969
23482,2021-06-22 12:54:25.020 UTC,1969
25829,2021-07-22 09:31:25.695 UTC,1969
27112,2021-07-12 06:57:22.875 UTC,1968
26491,2021-06-14 12:02:49.562 UTC,1968
29580,2021-06-17 18:57:57.952 UTC,1968
64115,2021-08-04 18:25:06.542 UTC,1966
29850,2021-07-11 09:40:39.709 UTC,1965
27687,2021-07-22 15:23:25.191 UTC,1964
28131,2021-07-14 12:48:41.186 UTC,1962
26233,2021-07-24 19:31:08.261 UTC,1961
29448,2021-07-19 15:18:16.343 UTC,1958
29597,2021-07-29 17:59:14.699 UTC,1953
29669,2021-07-26 18:47:57.367 UTC,1942
63253,2021-08-20 07:33:26.077 UTC,1933
63784,2021-07-16 14:44:42.081 UTC,1919
25345,2021-07-16 10:18:49.982 UTC,1906
29337,2021-06-28 06:25:50.789 UTC,1895
29979,2021-06-17 12:21:54.025 UTC,1869
26567,2021-06-16 07:01:00.338 UTC,1864
28424,2021-07-29 05:22:36.699 UTC,1858
29408,2021-07-01 14:14:24.317 UTC,1846
28052,2021-06-14 13:07:17.108 UTC,1839
22825,2021-06-16 00:50:09.719 UTC,1825
29803,2021-06-14 19:13:04.892 UTC,1824
24874,2021-08-02 10:50:30.921 UTC,1811
27965,2021-06-14 10:49:58.034 UTC,1787
63376,2021-07-27 05:15:35.409 UTC,1775
47493,2021-06-20 20:49:35.519 UTC,1768
22527,2021-08-10 10:43:35.305 UTC,1756
29019,2021-08-02 09:35:23.017 UTC,1738
28875,2021-06-15 06:43:05.614 UTC,1726
29667,2021-08-04 07:52:53.817 UTC,1717
28290,2021-06-17 07:33:17.393 UTC,1713
28466,2021-06-18 07:12:43.752 UTC,1713
26284,2021-08-06 21:02:10.227 UTC,1706
28157,2021-08-17 13:52:27.855 UTC,1700
27064,2021-06-30 21:41:21.706 UTC,1698
26649,2021-06-16 13:34:42.223 UTC,1697
61235,2021-08-20 19:41:54.887 UTC,1687
62758,2021-07-19 10:44:17.485 UTC,1668
22540,2021-07-17 07:02:02.750 UTC,1649
29414,2021-08-23 17:38:28.713 UTC,1639
25127,2021-06-19 12:54:02.060 UTC,1632
24825,2021-06-16 19:48:41.136 UTC,1631
29868,2021-06-30 19:54:10.398 UTC,1629
29827,2021-07-04 07:29:26.699 UTC,1605
27976,2021-06-19 18:26:21.324 UTC,1601
28836,2021-06-14 17:55:24.657 UTC,1580
62779,2021-08-10 14:49:12.193 UTC,1579
25986,2021-06-14 20:33:32.569 UTC,1558
29217,2021-06-14 12:20:55.628 UTC,1529
27399,2021-06-21 15:38:07.826 UTC,1520
26894,2021-07-01 13:42:51.959 UTC,1519
26588,2021-06-27 19:40:28.692 UTC,1512
61822,2021-07-22 12:19:34.459 UTC,1506
63759,2021-07-05 05:36:52.302 UTC,1503
48110,2021-07-17 12:15:22.052 UTC,1503
47865,2021-07-13 12:28:38.758 UTC,1484
62876,2021-06-23 16:58:58.900 UTC,1477
29176,2021-06-15 20:26:56.567 UTC,1468
27081,2021-06-15 16:33:45.282 UTC,1459
29411,2021-06-16 10:56:35.132 UTC,1458
29481,2021-06-20 15:27:13.950 UTC,1453
28556,2021-07-23 10:44:10.948 UTC,1450
21769,2021-08-02 13:38:19.584 UTC,1438
62196,2021-06-15 20:51:50.324 UTC,1430
63145,2021-06-28 23:38:44.800 UTC,1403
29498,2021-07-01 07:29:39.084 UTC,1371
29303,2021-06-14 18:32:06.358 UTC,1367
28502,2021-06-16 15:48:17.706 UTC,1352
26084,2021-06-25 19:11:33.180 UTC,1338
26688,2021-06-15 09:47:25.173 UTC,1337
28243,2021-06-28 00:57:13.613 UTC,1334
24654,2021-06-17 09:19:57.876 UTC,1333
48023,2021-06-15 21:18:49.239 UTC,1333
27145,2021-06-15 23:39:01.540 UTC,1308
63630,2021-07-03 08:30:03.816 UTC,1307
29531,2021-06-21 15:43:45.903 UTC,1307
63339,2021-06-21 14:24:48.143 UTC,1307
48112,2021-06-17 17:51:33.415 UTC,1298
29782,2021-07-22 11:56:01.079 UTC,1284
29175,2021-06-16 20:11:11.551 UTC,1281
25059,2021-06-27 20:41:06.994 UTC,1274
28584,2021-07-12 08:55:59.414 UTC,1273
29824,2021-06-24 00:41:40.419 UTC,1271
62906,2021-06-22 06:41:50.521 UTC,1268
26522,2021-08-11 06:16:40.074 UTC,1267
47496,2021-06-15 20:30:48.083 UTC,1265
29774,2021-07-15 16:51:56.361 UTC,1261
64371,2021-07-20 10:47:43.266 UTC,1259
27746,2021-08-04 17:45:08.539 UTC,1243
62915,2021-06-17 15:55:06.866 UTC,1235
29226,2021-06-18 06:02:34.033 UTC,1228
24242,2021-06-15 15:11:22.780 UTC,1225
48081,2021-06-15 14:12:07.210 UTC,1220
27434,2021-07-14 07:10:15.015 UTC,1215
28226,2021-07-21 23:46:33.756 UTC,1206
27414,2021-07-01 05:56:25.765 UTC,1202
24792,2021-07-09 20:15:55.785 UTC,1202
27144,2021-07-26 18:19:32.587 UTC,1201
22321,2021-07-08 13:40:10.574 UTC,1196
28936,2021-07-23 08:40:43.133 UTC,1196
63048,2021-08-14 10:06:35.356 UTC,1193
28054,2021-06-14 13:35:54.911 UTC,1185
25912,2021-08-15 21:00:41.870 UTC,1183
47868,2021-08-22 10:07:23.544 UTC,1180
32151,2021-06-21 06:33:54.825 UTC,1177
29945,2021-06-17 12:00:52.900 UTC,1174
61232,2021-08-04 10:33:01.553 UTC,1173
61170,2021-06-17 10:04:14.492 UTC,1156
29539,2021-06-19 19:52:20.834 UTC,1148
29888,2021-06-21 16:31:19.084 UTC,1146
29973,2021-06-26 13:22:28.685 UTC,1135
28761,2021-06-16 11:08:58.155 UTC,1134
62839,2021-08-03 17:09:38.686 UTC,1131
26539,2021-07-14 13:07:12.787 UTC,1124
22969,2021-06-19 21:16:42.006 UTC,1121
29488,2021-07-03 22:32:03.688 UTC,1116
22860,2021-06-17 22:25:44.051 UTC,1115
26214,2021-07-17 13:19:42.471 UTC,1110
47456,2021-06-24 16:31:34.338 UTC,1108
25941,2021-07-08 15:51:35.629 UTC,1107
25464,2021-06-22 13:14:56.069 UTC,1105
63428,2021-08-01 11:31:39.366 UTC,1103
47822,2021-07-16 08:44:33.132 UTC,1101
29250,2021-07-28 07:10:30.384 UTC,1099
30000,2021-06-26 09:32:44.853 UTC,1099
25166,2021-06-22 05:52:25.092 UTC,1074
29470,2021-06-14 11:39:32.403 UTC,1072
47505,2021-06-18 10:15:55.086 UTC,1066
28803,2021-06-22 07:54:17.154 UTC,1066
28927,2021-06-17 07:09:01.817 UTC,1060
24846,2021-08-19 14:34:33.928 UTC,1058
29761,2021-07-25 08:01:46.001 UTC,1054
21500,2021-06-14 10:15:44.949 UTC,1047
25952,2021-06-21 21:20:55.347 UTC,1047
64424,2021-07-24 22:10:19.802 UTC,1045
62390,2021-08-15 14:57:48.670 UTC,1044
26715,2021-08-28 10:18:16.728 UTC,1044
29352,2021-06-16 05:18:10.353 UTC,1039
24097,2021-08-08 18:50:17.325 UTC,1035
29024,2021-08-13 14:39:40.175 UTC,1031
28196,2021-06-17 22:15:49.398 UTC,1031
48131,2021-08-16 18:36:28.265 UTC,1031
28637,2021-08-06 14:50:32.303 UTC,1028
27110,2021-06-22 12:18:37.733 UTC,1026
27175,2021-06-15 10:05:19.097 UTC,1026
62916,2021-06-14 19:02:59.415 UTC,1025
63071,2021-06-14 17:10:35.918 UTC,1022
25931,2021-07-28 17:13:12.789 UTC,1017
62967,2021-07-27 15:33:17.514 UTC,1017
48176,2021-07-06 18:27:15.465 UTC,1017
26846,2021-07-02 19:35:52.977 UTC,1009
23246,2021-06-15 12:55:58.332 UTC,1001
27471,2021-06-21 16:20:07.989 UTC,996
29616,2021-07-02 23:38:58.230 UTC,994
26698,2021-07-28 18:14:07.816 UTC,991
29027,2021-06-15 06:15:44.946 UTC,988
29627,2021-06-16 14:50:00.972 UTC,970
29384,2021-07-26 11:25:45.809 UTC,968
29654,2021-08-18 08:06:12.875 UTC,967
24928,2021-06-15 21:50:41.016 UTC,964
47698,2021-06-15 18:08:12.537 UTC,962
29561,2021-07-23 21:25:57.743 UTC,962
27134,2021-06-22 09:55:12.741 UTC,961
48084,2021-06-14 13:52:38.716 UTC,940
28694,2021-07-18 14:25:23.012 UTC,940
62864,2021-08-11 08:18:18.054 UTC,938
29715,2021-06-17 10:30:22.435 UTC,938
28480,2021-06-29 20:53:00.365 UTC,936
28031,2021-06-14 13:32:56.685 UTC,934
29540,2021-06-15 16:16:08.155 UTC,929
29462,2021-07-27 10:38:45.964 UTC,925
26656,2021-08-06 15:20:17.014 UTC,922
29300,2021-06-15 08:48:36.088 UTC,917
47439,2021-06-17 17:35:24.526 UTC,912
29698,2021-06-26 09:15:26.772 UTC,904
29573,2021-06-29 21:49:07.631 UTC,902
28273,2021-08-22 18:59:07.062 UTC,899
28499,2021-06-14 19:37:28.998 UTC,897
29393,2021-06-20 09:49:53.858 UTC,891
62239,2021-06-16 21:17:12.756 UTC,889
29686,2021-08-06 14:57:11.080 UTC,886
32180,2021-06-28 12:01:34.989 UTC,883
29264,2021-07-31 17:04:49.563 UTC,879
30017,2021-06-17 22:20:52.765 UTC,878
24342,2021-06-17 09:12:04.309 UTC,873
47881,2021-07-17 00:03:26.331 UTC,872
29956,2021-06-16 13:44:18.654 UTC,871
47513,2021-08-03 08:32:10.494 UTC,866
63351,2021-06-15 23:03:48.801 UTC,864
24849,2021-06-25 22:12:25.440 UTC,855
30022,2021-06-20 13:01:30.369 UTC,855
24818,2021-07-12 19:41:29.891 UTC,853
29608,2021-08-03 17:37:06.019 UTC,851
29566,2021-06-26 15:07:57.602 UTC,849
29355,2021-07-09 17:59:02.545 UTC,844
47452,2021-07-12 13:24:57.224 UTC,844
64249,2021-07-07 15:21:07.141 UTC,839
30031,2021-06-15 08:37:24.209 UTC,834
25612,2021-07-26 15:41:31.809 UTC,831
29872,2021-06-16 12:39:13.577 UTC,829
27877,2021-06-16 14:55:57.442 UTC,827
29705,2021-06-26 10:15:28.168 UTC,826
61914,2021-06-14 19:28:17.646 UTC,823
48085,2021-06-14 17:47:36.646 UTC,820
29873,2021-06-19 16:28:46.103 UTC,815
61140,2021-06-17 16:04:25.724 UTC,813
24765,2021-06-16 14:25:54.246 UTC,812
21445,2021-06-16 08:50:44.117 UTC,811
62419,2021-06-15 11:56:05.292 UTC,808
64372,2021-07-12 21:35:35.937 UTC,807
29604,2021-06-17 08:21:48.740 UTC,807
29857,2021-07-16 13:59:50.798 UTC,803
24915,2021-06-23 07:33:44.910 UTC,802
24953,2021-06-15 22:34:29.098 UTC,801
24656,2021-06-19 19:50:09.988 UTC,797
30039,2021-06-17 19:27:38.817 UTC,795
25104,2021-06-14 10:41:28.583 UTC,792
62829,2021-06-20 06:04:29.113 UTC,789
29305,2021-06-23 12:15:27.807 UTC,787
29765,2021-07-08 07:41:49.785 UTC,783
29919,2021-07-25 12:18:44.838 UTC,783
48115,2021-06-18 10:26:07.255 UTC,777
48119,2021-06-16 09:16:20.281 UTC,776
30034,2021-06-27 07:04:09.970 UTC,773
32167,2021-06-15 15:30:57.165 UTC,770
23040,2021-07-01 22:26:37.392 UTC,766
28313,2021-06-16 18:08:15.108 UTC,765
29073,2021-06-14 11:43:01.284 UTC,765
47805,2021-06-26 17:44:15.985 UTC,764
26636,2021-06-23 16:04:22.995 UTC,763
22827,2021-06-16 08:01:06.325 UTC,758
29640,2021-06-14 10:17:50.748 UTC,757
62892,2021-06-19 10:34:06.647 UTC,754
30038,2021-06-14 18:11:43.109 UTC,753
28152,2021-06-15 17:58:08.553 UTC,747
28978,2021-06-19 21:36:39.786 UTC,744
25890,2021-06-16 19:11:24.963 UTC,737
29336,2021-08-19 16:29:53.185 UTC,734
29922,2021-06-17 15:58:41.813 UTC,731
48195,2021-06-14 11:21:03.911 UTC,726
48039,2021-08-27 19:06:41.965 UTC,725
29940,2021-06-15 18:53:43.354 UTC,723
29935,2021-06-21 14:36:08.075 UTC,721
29875,2021-08-05 05:58:10.535 UTC,721
62062,2021-06-14 12:46:54.047 UTC,711
28099,2021-06-29 06:50:08.255 UTC,707
62814,2021-06-18 08:56:33.144 UTC,707
27077,2021-06-15 06:30:56.288 UTC,706
28541,2021-06-18 09:20:31.152 UTC,706
24090,2021-06-14 10:47:37.334 UTC,704
24943,2021-07-26 10:46:02.462 UTC,704
62732,2021-06-15 11:29:50.894 UTC,703
24737,2021-08-14 10:54:23.791 UTC,702
29829,2021-06-16 05:09:12.379 UTC,695
27944,2021-07-08 13:16:12.842 UTC,694
47769,2021-06-24 08:51:39.621 UTC,693
26498,2021-06-19 07:08:50.423 UTC,690
62752,2021-06-24 11:28:18.203 UTC,689
25999,2021-06-20 07:41:14.598 UTC,684
26613,2021-06-14 15:56:27.520 UTC,681
47461,2021-07-19 08:26:33.216 UTC,681
22279,2021-06-14 13:32:14.387 UTC,681
24669,2021-07-04 20:43:53.276 UTC,679
29976,2021-07-10 05:54:46.113 UTC,679
24988,2021-06-17 08:24:08.203 UTC,678
24882,2021-06-15 10:00:33.975 UTC,676
29661,2021-06-21 06:27:42.738 UTC,676
27221,2021-06-16 18:46:15.840 UTC,676
24677,2021-06-14 20:26:30.829 UTC,671
29719,2021-07-21 06:28:38.921 UTC,670
22834,2021-06-14 17:42:21.021 UTC,664
62982,2021-07-06 15:40:26.303 UTC,664
27754,2021-07-11 19:20:18.931 UTC,661
63977,2021-07-01 12:17:44.386 UTC,660
24908,2021-06-14 13:42:11.642 UTC,660
25302,2021-06-15 07:19:21.796 UTC,660
29980,2021-06-17 10:33:53.158 UTC,659
25294,2021-06-18 22:48:21.666 UTC,658
62852,2021-06-15 15:06:06.426 UTC,651
61878,2021-07-13 07:30:04.511 UTC,650
25245,2021-06-15 10:02:36.479 UTC,649
60953,2021-06-18 19:45:17.462 UTC,648
62966,2021-08-03 19:43:10.152 UTC,648
24159,2021-06-28 13:49:48.762 UTC,645
25300,2021-08-16 07:59:03.021 UTC,645
47531,2021-06-15 21:49:32.647 UTC,640
29529,2021-06-21 12:35:39.526 UTC,635
63051,2021-07-22 13:49:07.221 UTC,631
29959,2021-06-15 11:07:15.342 UTC,630
28021,2021-06-27 12:36:07.587 UTC,627
29672,2021-06-16 10:27:47.480 UTC,624
25494,2021-06-30 13:29:30.509 UTC,622
64396,2021-07-17 09:13:25.155 UTC,620
48022,2021-07-17 16:05:24.339 UTC,617
62787,2021-07-13 16:50:41.529 UTC,617
25379,2021-07-11 20:08:36.238 UTC,613
25990,2021-06-28 22:24:39.750 UTC,612
63127,2021-07-14 15:07:35.759 UTC,607
27951,2021-08-17 23:17:48.454 UTC,604
47762,2021-08-11 19:50:56.021 UTC,603
47914,2021-06-17 09:48:35.945 UTC,603
28817,2021-06-16 12:57:25.520 UTC,601
29760,2021-06-14 10:47:48.499 UTC,599
29275,2021-07-03 09:38:33.239 UTC,599
64068,2021-06-17 21:15:48.705 UTC,589
47499,2021-08-23 10:16:54.108 UTC,589
22414,2021-07-09 09:29:40.350 UTC,589
62445,2021-07-22 21:36:53.636 UTC,588
23337,2021-06-15 17:06:37.037 UTC,586
62903,2021-06-22 17:35:40.704 UTC,583
28082,2021-07-19 05:32:38.464 UTC,578
29447,2021-08-22 16:32:43.092 UTC,578
63050,2021-06-16 17:14:00.132 UTC,575
47804,2021-06-17 21:40:18.881 UTC,567
28173,2021-07-12 22:28:27.822 UTC,566
47502,2021-07-27 18:50:49.385 UTC,565
28341,2021-06-15 09:12:42.833 UTC,562
25334,2021-07-19 12:33:59.490 UTC,561
22910,2021-08-15 10:17:08.301 UTC,559
61147,2021-08-03 18:30:00.803 UTC,558
26718,2021-06-14 12:37:40.356 UTC,558
63374,2021-06-16 06:37:57.912 UTC,554
29064,2021-06-18 11:46:21.515 UTC,553
24411,2021-08-03 16:47:34.217 UTC,546
29670,2021-06-15 22:04:50.244 UTC,546
47885,2021-06-16 09:30:28.971 UTC,544
63015,2021-06-20 21:37:07.885 UTC,544
29315,2021-08-11 12:08:55.173 UTC,543
29804,2021-07-26 12:01:55.206 UTC,543
29634,2021-06-26 09:44:04.964 UTC,540
26971,2021-06-17 03:14:16.034 UTC,534
29449,2021-06-14 11:32:52.484 UTC,529
28947,2021-06-17 18:27:50.195 UTC,526
25642,2021-06-28 12:36:45.056 UTC,524
27019,2021-07-14 19:02:22.892 UTC,523
62771,2021-06-22 13:48:06.806 UTC,517
29157,2021-07-08 17:57:20.580 UTC,516
28105,2021-06-19 14:48:08.902 UTC,514
26669,2021-07-02 09:55:07.228 UTC,513
28887,2021-06-23 06:05:09.192 UTC,508
30053,2021-08-11 15:42:01.100 UTC,508
29658,2021-06-17 09:05:12.453 UTC,507
62504,2021-06-23 20:53:27.962 UTC,506
28055,2021-08-10 08:09:21.857 UTC,506
27073,2021-08-02 15:29:30.365 UTC,504
29137,2021-06-17 07:06:06.433 UTC,502
23958,2021-08-17 06:20:58.923 UTC,502
26722,2021-06-15 20:12:12.823 UTC,501
29343,2021-06-16 05:31:13.819 UTC,501
27436,2021-06-18 06:37:32.860 UTC,497
62356,2021-08-07 22:06:33.727 UTC,496
47543,2021-07-24 13:12:23.463 UTC,496
28156,2021-06-14 21:07:26.809 UTC,496
24675,2021-06-16 18:27:02.938 UTC,496
63712,2021-06-14 15:15:23.602 UTC,495
29703,2021-07-14 13:40:51.336 UTC,494
47821,2021-06-15 15:08:10.693 UTC,494
27911,2021-06-17 17:10:08.326 UTC,493
48197,2021-06-15 20:26:19.592 UTC,491
27468,2021-06-20 15:23:52.826 UTC,490
29856,2021-06-16 08:12:31.314 UTC,483
28732,2021-06-25 11:04:43.191 UTC,482
28189,2021-06-16 19:14:24.694 UTC,482
29994,2021-07-28 19:51:59.042 UTC,480
29045,2021-07-20 15:27:33.724 UTC,480
29056,2021-06-22 17:28:48.332 UTC,478
29885,2021-06-14 16:36:54.647 UTC,477
25056,2021-06-16 14:15:57.996 UTC,476
25697,2021-06-18 05:51:10.176 UTC,475
62866,2021-08-03 15:20:42.103 UTC,474
62564,2021-07-01 14:01:14.745 UTC,473
61244,2021-06-22 16:27:44.677 UTC,471
29581,2021-06-14 19:59:47.713 UTC,471
29369,2021-06-28 07:26:00.410 UTC,470
29926,2021-06-15 10:35:04.487 UTC,469
48130,2021-06-14 13:52:06.222 UTC,465
27631,2021-06-16 13:52:31.965 UTC,464
30013,2021-07-03 10:04:36.356 UTC,463
21015,2021-08-06 06:02:00.327 UTC,463
29560,2021-06-14 21:35:31.010 UTC,463
28130,2021-06-16 06:31:48.891 UTC,461
27372,2021-07-03 11:03:25.055 UTC,459
61233,2021-08-15 12:23:24.124 UTC,458
64483,2021-07-28 06:45:29.011 UTC,457
29567,2021-08-08 11:40:49.076 UTC,455
23344,2021-06-27 18:23:15.133 UTC,451
61205,2021-06-20 17:44:57.194 UTC,451
29078,2021-06-16 05:20:37.112 UTC,447
25923,2021-06-22 13:54:39.680 UTC,445
29143,2021-06-14 10:27:29.295 UTC,445
28555,2021-07-15 08:58:51.877 UTC,445
47955,2021-06-25 07:29:42.212 UTC,444
27704,2021-07-03 19:29:18.467 UTC,444
29697,2021-06-23 07:40:27.254 UTC,443
24710,2021-06-17 18:56:08.405 UTC,442
28317,2021-08-03 16:55:38.126 UTC,442
29884,2021-07-16 13:16:38.253 UTC,442
29128,2021-08-11 19:23:10.479 UTC,440
28585,2021-06-17 08:43:38.039 UTC,439
27534,2021-07-28 09:45:59.295 UTC,439
27361,2021-06-16 17:21:51.068 UTC,435
24712,2021-06-16 14:12:41.732 UTC,435
61593,2021-06-18 09:16:00.412 UTC,434
27487,2021-06-15 10:56:32.504 UTC,431
29255,2021-06-15 15:25:43.271 UTC,431
29039,2021-06-17 07:17:25.721 UTC,431
62731,2021-06-14 16:15:00.262 UTC,430
24945,2021-08-18 05:48:33.590 UTC,429
29783,2021-06-15 19:57:56.949 UTC,429
29214,2021-06-29 07:16:17.717 UTC,426
62706,2021-08-13 18:55:53.508 UTC,423
29129,2021-06-18 21:17:20.900 UTC,423
32158,2021-06-14 13:52:18.827 UTC,422
29966,2021-06-15 17:08:39.025 UTC,421
61620,2021-07-15 08:32:25.660 UTC,420
61270,2021-07-14 06:10:10.087 UTC,420
28069,2021-06-16 09:19:45.361 UTC,418
48182,2021-06-20 05:52:09.720 UTC,418
48096,2021-06-15 10:03:24.151 UTC,416
28491,2021-06-17 12:09:36.776 UTC,415
29910,2021-06-18 21:18:32.264 UTC,412
28988,2021-07-29 12:56:37.247 UTC,411
28211,2021-07-28 07:49:34.823 UTC,411
29238,2021-07-16 11:46:59.779 UTC,409
61115,2021-06-26 08:11:44.858 UTC,409
62867,2021-06-18 16:54:39.695 UTC,408
24205,2021-07-08 11:17:44.899 UTC,406
22634,2021-08-03 09:38:14.883 UTC,405
47857,2021-08-04 10:15:45.902 UTC,405
27892,2021-06-16 07:03:40.137 UTC,401
23264,2021-06-16 15:32:28.583 UTC,401
25076,2021-07-08 19:10:57.937 UTC,398
27496,2021-08-07 22:34:23.340 UTC,398
28917,2021-06-15 09:47:43.189 UTC,396
24676,2021-08-28 11:44:24.683 UTC,396
61145,2021-08-10 20:25:39.699 UTC,395
29911,2021-08-22 05:28:52.496 UTC,394
28218,2021-06-16 10:58:02.120 UTC,393
24811,2021-08-05 20:07:16.489 UTC,390
24224,2021-08-02 12:13:19.242 UTC,390
61514,2021-08-21 12:04:57.106 UTC,388
21266,2021-07-16 16:51:42.288 UTC,388
28229,2021-06-17 19:56:34.480 UTC,387
27381,2021-06-22 07:18:27.095 UTC,387
26298,2021-06-15 06:01:27.949 UTC,387
28557,2021-08-26 12:43:31.761 UTC,387
28221,2021-06-16 18:44:25.943 UTC,387
26530,2021-06-14 20:15:18.167 UTC,387
28248,2021-06-30 14:16:30.623 UTC,386
23715,2021-07-29 16:30:55.860 UTC,385
47913,2021-07-03 22:16:24.958 UTC,385
61149,2021-06-14 14:13:15.461 UTC,382
27432,2021-06-29 15:11:34.251 UTC,382
48024,2021-07-22 14:46:21.988 UTC,382
61344,2021-06-29 15:49:57.197 UTC,381
62555,2021-06-16 16:49:39.038 UTC,380
28239,2021-06-18 09:00:32.159 UTC,380
24606,2021-06-17 14:40:47.192 UTC,378
24933,2021-06-16 12:06:07.079 UTC,377
63494,2021-07-06 15:56:18.750 UTC,376
32196,2021-08-02 07:45:46.524 UTC,373
61660,2021-06-18 11:35:59.974 UTC,373
24448,2021-06-15 09:16:01.510 UTC,372
61138,2021-08-10 13:32:17.864 UTC,371
26249,2021-08-02 19:25:40.700 UTC,371
63910,2021-06-14 21:54:33.929 UTC,369
28275,2021-06-22 17:49:38.851 UTC,366
62924,2021-06-19 15:21:48.459 UTC,365
28067,2021-08-04 10:35:42.426 UTC,363
63669,2021-07-15 06:54:04.996 UTC,362
27023,2021-08-29 10:23:23.522 UTC,361
26792,2021-06-18 09:49:20.988 UTC,360
63293,2021-06-15 10:59:48.963 UTC,360
24215,2021-06-17 20:26:19.413 UTC,358
21334,2021-07-20 07:15:43.904 UTC,357
32195,2021-06-21 07:41:41.813 UTC,357
28046,2021-06-21 16:28:47.230 UTC,356
25027,2021-08-25 10:06:42.222 UTC,355
47823,2021-07-05 20:49:31.899 UTC,355
25637,2021-08-26 08:19:25.926 UTC,355
27477,2021-06-29 07:06:31.747 UTC,355
48099,2021-06-18 15:58:10.184 UTC,353
23933,2021-08-21 11:09:50.390 UTC,353
25384,2021-07-28 10:15:38.635 UTC,351
27831,2021-06-19 12:17:56.232 UTC,348
29805,2021-06-24 16:10:51.688 UTC,346
29557,2021-07-01 06:00:32.191 UTC,344
29530,2021-08-29 15:20:41.142 UTC,343
61566,2021-08-25 09:12:49.463 UTC,343
62956,2021-06-14 10:20:30.830 UTC,341
29213,2021-07-09 14:01:42.009 UTC,341
61580,2021-07-28 18:54:58.515 UTC,340
26558,2021-06-24 16:24:49.491 UTC,340
29615,2021-06-17 17:45:54.355 UTC,340
28990,2021-08-05 10:00:58.532 UTC,339
24099,2021-06-18 12:23:52.460 UTC,337
25625,2021-06-19 21:45:46.918 UTC,336
24050,2021-06-30 23:37:47.072 UTC,334
62465,2021-08-26 06:22:20.495 UTC,333
22154,2021-06-15 09:21:18.033 UTC,332
26109,2021-07-19 08:09:24.577 UTC,332
29605,2021-07-23 08:15:58.480 UTC,331
29871,2021-06-18 17:29:28.298 UTC,331
28175,2021-06-16 16:26:15.695 UTC,330
28058,2021-07-04 12:44:44.202 UTC,329
27953,2021-07-01 08:37:49.744 UTC,328
26083,2021-06-17 11:24:22.290 UTC,328
29437,2021-06-19 06:44:26.890 UTC,328
62907,2021-07-26 20:35:09.206 UTC,328
48121,2021-08-01 16:33:52.379 UTC,325
29861,2021-06-20 13:55:39.004 UTC,325
27700,2021-08-20 07:15:32.832 UTC,325
25682,2021-08-09 16:17:11.751 UTC,323
22728,2021-06-15 14:40:27.414 UTC,320
26795,2021-06-14 19:22:33.177 UTC,317
29753,2021-08-26 16:01:31.742 UTC,317
29668,2021-06-14 20:10:42.158 UTC,316
47721,2021-06-20 21:59:50.182 UTC,316
22486,2021-06-15 14:06:00.993 UTC,316
62200,2021-06-15 20:54:32.359 UTC,314
62746,2021-08-22 16:32:14.299 UTC,312
25388,2021-08-15 21:15:10.508 UTC,310
29083,2021-08-14 06:47:54.193 UTC,310
62879,2021-06-20 22:34:01.208 UTC,309
28155,2021-06-17 19:56:39.327 UTC,308
22992,2021-06-26 13:57:53.681 UTC,306
29134,2021-06-15 15:10:29.463 UTC,305
32194,2021-06-20 21:05:47.646 UTC,305
29254,2021-06-20 07:12:04.269 UTC,304
28209,2021-06-16 01:06:23.993 UTC,304
20535,2021-06-29 19:29:01.501 UTC,304
63756,2021-08-11 07:27:24.526 UTC,301
28698,2021-07-07 08:39:42.866 UTC,301
30042,2021-06-14 11:39:39.714 UTC,301
25886,2021-07-26 21:23:53.177 UTC,300
24826,2021-06-29 10:23:35.268 UTC,300
63248,2021-08-30 05:23:31.401 UTC,299
22639,2021-06-28 09:53:45.825 UTC,299
27825,2021-07-16 20:33:44.274 UTC,298
29968,2021-06-19 13:37:33.355 UTC,297
29424,2021-06-25 11:03:37.091 UTC,297
32174,2021-08-23 08:20:13.355 UTC,295
27776,2021-06-27 09:52:24.535 UTC,295
61831,2021-08-11 08:29:16.635 UTC,294
28190,2021-06-16 20:10:05.617 UTC,294
29296,2021-06-18 15:46:33.280 UTC,293
62721,2021-07-05 14:24:02.425 UTC,291
29978,2021-07-29 20:29:48.220 UTC,291
26102,2021-08-13 08:10:20.458 UTC,291
29392,2021-06-16 07:16:53.924 UTC,290
29731,2021-06-21 18:12:27.200 UTC,290
25282,2021-07-08 20:53:23.776 UTC,290
28452,2021-06-24 11:50:38.966 UTC,288
26818,2021-06-19 22:55:41.426 UTC,287
26721,2021-06-26 19:17:13.718 UTC,287
64303,2021-08-23 16:23:53.197 UTC,286
24613,2021-06-22 12:41:30.845 UTC,285
25216,2021-06-19 15:24:12.945 UTC,285
61373,2021-08-16 14:30:18.487 UTC,285
62272,2021-07-12 10:21:46.870 UTC,284
61583,2021-06-19 09:08:52.333 UTC,283
48198,2021-08-04 10:54:04.637 UTC,280
61467,2021-06-17 18:45:52.230 UTC,280
29207,2021-07-07 11:48:22.755 UTC,278
29812,2021-06-26 17:47:29.985 UTC,276
62124,2021-06-18 23:26:20.570 UTC,275
47554,2021-07-20 10:25:27.772 UTC,275
22707,2021-07-06 12:48:07.808 UTC,274
28808,2021-08-10 15:06:31.852 UTC,274
47470,2021-08-25 09:07:34.010 UTC,274
28018,2021-07-08 06:25:00.768 UTC,274
25905,2021-08-22 18:51:30.444 UTC,272
25478,2021-06-21 09:37:04.680 UTC,271
29909,2021-08-16 20:52:27.603 UTC,269
25162,2021-06-18 12:51:52.365 UTC,269
26027,2021-06-15 18:56:52.576 UTC,268
28633,2021-08-28 15:07:57.528 UTC,268
24770,2021-06-16 08:51:34.896 UTC,268
25700,2021-06-25 18:38:55.639 UTC,267
29815,2021-06-29 08:42:14.713 UTC,266
62332,2021-08-04 14:16:30.244 UTC,266
23284,2021-07-30 08:12:44.474 UTC,266
29227,2021-08-21 13:26:33.775 UTC,266
25962,2021-06-29 11:35:56.387 UTC,264
30067,2021-06-19 08:30:45.827 UTC,263
25656,2021-08-03 14:24:14.264 UTC,262
25492,2021-07-08 07:05:43.659 UTC,262
25564,2021-08-18 11:56:12.629 UTC,262
48057,2021-06-15 18:26:21.373 UTC,262
47500,2021-06-15 18:08:11.052 UTC,261
25498,2021-07-02 06:49:16.456 UTC,260
28266,2021-06-18 00:08:45.901 UTC,258
26928,2021-07-30 15:04:04.640 UTC,257
47989,2021-07-25 12:57:49.564 UTC,256
24711,2021-07-02 08:35:50.194 UTC,256
28289,2021-06-15 22:01:44.105 UTC,255
62826,2021-08-28 09:42:48.446 UTC,255
21977,2021-06-21 09:29:55.216 UTC,254
64187,2021-07-11 00:25:53.622 UTC,253
26490,2021-06-16 13:45:24.899 UTC,253
26335,2021-06-16 21:46:38.535 UTC,253
26088,2021-06-15 22:15:03.103 UTC,250
29551,2021-08-05 06:15:33.134 UTC,250
29505,2021-08-21 16:41:05.071 UTC,250
61126,2021-08-11 14:06:32.375 UTC,249
26382,2021-08-02 17:59:12.104 UTC,248
47482,2021-06-23 00:15:37.553 UTC,248
29866,2021-06-15 08:51:37.444 UTC,247
29363,2021-06-17 13:01:56.884 UTC,247
29987,2021-06-23 18:38:13.318 UTC,246
48048,2021-07-10 10:53:48.520 UTC,246
24951,2021-06-24 11:45:43.889 UTC,244
25753,2021-06-22 23:05:52.064 UTC,244
48091,2021-06-14 17:55:24.947 UTC,243
27967,2021-06-19 10:14:00.463 UTC,243
29333,2021-06-15 18:41:33.233 UTC,243
63078,2021-06-16 12:14:30.070 UTC,243
29076,2021-07-18 10:04:04.464 UTC,242
27647,2021-06-14 14:28:32.674 UTC,242
26903,2021-06-24 08:37:11.264 UTC,241
24743,2021-06-14 19:18:35.819 UTC,241
24786,2021-06-16 18:06:15.277 UTC,238
27883,2021-08-29 16:21:23.887 UTC,238
28357,2021-06-15 08:34:25.507 UTC,238
62830,2021-07-05 11:57:05.735 UTC,238
29779,2021-08-14 13:49:48.572 UTC,237
28905,2021-06-25 12:17:01.211 UTC,237
28708,2021-08-13 21:01:18.663 UTC,236
29773,2021-08-13 17:18:02.903 UTC,236
62128,2021-07-08 07:14:04.953 UTC,236
29174,2021-06-17 06:55:01.700 UTC,233
29504,2021-07-31 15:33:20.695 UTC,233
32191,2021-06-18 18:09:02.739 UTC,232
63115,2021-07-31 15:40:52.028 UTC,232
47879,2021-06-20 01:21:12.917 UTC,230
28500,2021-07-04 14:25:54.590 UTC,230
47904,2021-07-04 13:05:30.597 UTC,230
24733,2021-06-15 10:18:37.165 UTC,230
32190,2021-07-16 20:10:55.309 UTC,228
61634,2021-08-20 11:48:38.138 UTC,228
30052,2021-07-28 13:00:51.511 UTC,227
28856,2021-06-21 20:14:10.004 UTC,226
28150,2021-06-14 23:28:42.739 UTC,225
25279,2021-08-16 18:41:07.101 UTC,225
62479,2021-06-18 10:29:25.514 UTC,225
27969,2021-06-19 14:04:27.014 UTC,224
23960,2021-06-14 21:39:52.663 UTC,224
62950,2021-07-25 18:03:39.805 UTC,222
27822,2021-08-11 14:23:01.821 UTC,222
47973,2021-06-16 15:22:55.504 UTC,221
29188,2021-06-16 06:43:37.551 UTC,220
26226,2021-08-14 15:23:13.085 UTC,219
63911,2021-07-11 16:05:07.016 UTC,219
29576,2021-07-02 13:01:57.648 UTC,219
23533,2021-06-15 19:19:48.591 UTC,219
25072,2021-06-24 12:59:10.790 UTC,219
26351,2021-08-09 07:26:30.487 UTC,218
27188,2021-06-22 09:59:43.383 UTC,217
27289,2021-07-13 14:35:37.615 UTC,217
61284,2021-06-20 22:22:47.779 UTC,217
28300,2021-07-01 22:51:07.316 UTC,215
27662,2021-08-01 07:26:21.708 UTC,215
29068,2021-06-14 12:45:24.200 UTC,215
28454,2021-06-15 21:49:46.078 UTC,213
27506,2021-08-04 14:09:17.422 UTC,212
62979,2021-06-23 19:59:05.963 UTC,212
24856,2021-06-16 09:53:55.702 UTC,212
25086,2021-08-23 20:16:09.635 UTC,211
27792,2021-07-21 07:02:51.596 UTC,210
25074,2021-06-19 08:07:04.421 UTC,210
29548,2021-06-23 21:48:43.419 UTC,210
27129,2021-06-14 14:23:43.993 UTC,208
29103,2021-06-24 20:08:02.477 UTC,208
47948,2021-06-16 21:16:47.415 UTC,208
32187,2021-07-18 04:56:01.209 UTC,207
63081,2021-06-16 07:10:17.904 UTC,207
61203,2021-07-28 11:21:39.424 UTC,207
28390,2021-07-20 05:45:29.977 UTC,206
26439,2021-06-16 17:02:00.173 UTC,205
21046,2021-08-07 13:54:25.865 UTC,205
29689,2021-07-07 09:22:49.047 UTC,204
29601,2021-08-27 09:19:35.005 UTC,204
63013,2021-07-14 16:27:21.893 UTC,203
63021,2021-08-18 21:44:04.908 UTC,203
61023,2021-06-15 22:59:30.508 UTC,202
61531,2021-06-18 00:07:17.026 UTC,202
29523,2021-06-15 12:41:09.272 UTC,200
29212,2021-08-29 17:39:44.559 UTC,200
25630,2021-07-21 18:39:52.143 UTC,199
22703,2021-07-09 11:15:11.292 UTC,199
27423,2021-07-12 10:01:43.502 UTC,198
62624,2021-08-24 21:38:26.275 UTC,198
29814,2021-07-08 11:12:30.272 UTC,197
29251,2021-08-01 19:13:27.434 UTC,197
48067,2021-06-20 23:21:35.648 UTC,196
62755,2021-07-22 12:19:15.306 UTC,196
29335,2021-07-27 11:09:35.065 UTC,194
30066,2021-06-27 09:32:20.969 UTC,194
25084,2021-06-15 07:56:46.995 UTC,193
26198,2021-07-24 17:12:18.483 UTC,191
29261,2021-08-17 18:10:36.907 UTC,190
63626,2021-06-20 11:15:16.501 UTC,189
62912,2021-06-14 18:59:12.293 UTC,188
64414,2021-07-16 16:41:20.196 UTC,188
28212,2021-08-18 09:59:44.766 UTC,187
47772,2021-08-02 09:03:20.962 UTC,187
29430,2021-06-15 04:51:02.912 UTC,186
27140,2021-08-01 08:41:51.404 UTC,186
48193,2021-06-18 11:45:20.267 UTC,185
25695,2021-08-16 14:06:44.351 UTC,185
63958,2021-07-10 08:56:01.593 UTC,184
47477,2021-08-13 17:04:20.729 UTC,183
27585,2021-07-27 13:02:00.774 UTC,183
27075,2021-06-15 07:49:22.128 UTC,182
30002,2021-06-27 15:08:20.380 UTC,182
25500,2021-06-14 16:07:38.304 UTC,181
27033,2021-08-13 17:12:46.590 UTC,181
62932,2021-06-16 20:59:50.964 UTC,181
28107,2021-06-15 14:50:17.445 UTC,181
29632,2021-07-30 09:26:17.029 UTC,181
29851,2021-08-08 16:02:13.005 UTC,180
28447,2021-07-20 12:34:54.970 UTC,179
25496,2021-06-16 12:41:22.790 UTC,178
62616,2021-08-30 21:13:51.963 UTC,177
28814,2021-06-15 21:31:18.264 UTC,177
27032,2021-07-18 09:43:23.357 UTC,177
47897,2021-06-24 16:24:25.585 UTC,177
29452,2021-08-21 21:06:12.297 UTC,177
62622,2021-06-14 14:32:24.158 UTC,176
29520,2021-07-26 16:00:56.535 UTC,175
29806,2021-06-17 12:41:05.431 UTC,175
28252,2021-06-17 21:52:55.562 UTC,174
29332,2021-06-22 14:42:36.364 UTC,174
63084,2021-08-05 10:26:55.331 UTC,174
28065,2021-06-27 16:40:36.105 UTC,173
29009,2021-08-09 06:35:16.041 UTC,173
28049,2021-08-04 00:40:36.739 UTC,173
61177,2021-06-15 21:46:52.291 UTC,173
28292,2021-06-16 23:51:30.645 UTC,173
27850,2021-08-22 01:03:11.549 UTC,172
47718,2021-07-22 11:47:16.682 UTC,171
22746,2021-06-26 08:21:30.644 UTC,170
26390,2021-06-16 12:14:03.840 UTC,169
29652,2021-06-20 16:21:31.317 UTC,169
26329,2021-07-12 21:26:12.466 UTC,169
48124,2021-06-22 16:21:47.008 UTC,167
29516,2021-06-16 18:24:20.036 UTC,167
26010,2021-06-21 22:16:58.920 UTC,167
29526,2021-08-18 11:02:40.675 UTC,166
62591,2021-07-30 17:29:30.835 UTC,166
29372,2021-08-03 09:18:47.759 UTC,166
63120,2021-06-14 11:27:45.272 UTC,166
47511,2021-06-23 01:11:13.774 UTC,165
25126,2021-06-19 19:31:17.900 UTC,165
29623,2021-08-24 14:42:54.418 UTC,164
29377,2021-06-15 13:29:30.530 UTC,164
62421,2021-08-28 07:07:25.915 UTC,163
61402,2021-08-15 18:33:22.525 UTC,163
29445,2021-07-02 13:28:02.451 UTC,162
63642,2021-07-06 06:40:04.809 UTC,161
29740,2021-07-30 23:01:11.010 UTC,160
29501,2021-07-06 07:00:52.924 UTC,159
26780,2021-06-14 10:51:18.422 UTC,159
24934,2021-06-15 10:52:44.300 UTC,159
24916,2021-06-23 07:58:56.537 UTC,158
62106,2021-06-18 09:57:15.553 UTC,158
25410,2021-06-17 17:06:44.156 UTC,158
48220,2021-06-14 10:27:34.510 UTC,158
32175,2021-07-13 05:23:33.402 UTC,157
24353,2021-07-09 06:23:27.931 UTC,157
29683,2021-07-07 13:51:31.807 UTC,157
47768,2021-08-06 06:08:00.183 UTC,156
64673,2021-08-17 09:54:43.005 UTC,156
29203,2021-08-14 13:34:04.585 UTC,154
29545,2021-06-15 21:17:19.525 UTC,152
24781,2021-06-15 11:32:54.327 UTC,152
32156,2021-06-15 00:42:07.227 UTC,152
30045,2021-06-16 17:29:45.679 UTC,151
61646,2021-06-16 05:04:01.252 UTC,150
47491,2021-06-21 09:45:01.755 UTC,149
63114,2021-07-05 08:17:45.470 UTC,148
28268,2021-06-16 12:26:34.837 UTC,148
29304,2021-06-15 17:01:36.459 UTC,147
24307,2021-06-30 08:38:08.129 UTC,147
27910,2021-08-29 16:41:05.957 UTC,147
61804,2021-06-24 08:10:31.529 UTC,147
26628,2021-06-14 18:06:32.527 UTC,146
23883,2021-08-24 20:17:30.302 UTC,146
26548,2021-06-28 21:09:01.398 UTC,146
27251,2021-06-15 08:34:34.335 UTC,145
25710,2021-07-14 19:02:23.836 UTC,144
29891,2021-08-26 16:44:59.041 UTC,143
26734,2021-06-21 11:15:06.230 UTC,143
62756,2021-06-22 08:40:43.716 UTC,142
25597,2021-07-29 09:23:01.336 UTC,141
25066,2021-06-19 00:32:25.102 UTC,139
29898,2021-06-16 07:25:30.433 UTC,139
24494,2021-06-16 08:54:05.307 UTC,139
24696,2021-07-15 21:01:01.588 UTC,139
63913,2021-06-15 15:00:44.094 UTC,138
27885,2021-06-22 04:59:47.933 UTC,138
29807,2021-06-16 23:11:36.302 UTC,137
63116,2021-08-30 06:36:57.084 UTC,136
23403,2021-06-25 06:04:36.658 UTC,136
47812,2021-08-18 18:38:52.865 UTC,136
27079,2021-08-18 18:22:47.803 UTC,135
63640,2021-07-31 11:12:58.329 UTC,134
28900,2021-07-04 15:20:11.011 UTC,133
28256,2021-07-31 09:30:32.634 UTC,132
47703,2021-06-28 11:56:15.714 UTC,132
29242,2021-07-05 10:12:03.386 UTC,132
30036,2021-07-23 15:00:56.273 UTC,132
21831,2021-08-31 08:59:06.446 UTC,131
25199,2021-08-05 15:41:43.982 UTC,131
62360,2021-06-23 07:09:19.341 UTC,131
27001,2021-08-11 07:10:09.955 UTC,131
23714,2021-07-11 14:26:55.468 UTC,130
25600,2021-06-14 12:01:57.076 UTC,130
23334,2021-07-21 06:12:47.338 UTC,130
29865,2021-07-20 07:50:52.615 UTC,130
30044,2021-06-15 13:27:32.822 UTC,128
47842,2021-07-25 11:11:18.602 UTC,127
48107,2021-06-15 12:45:05.791 UTC,127
63924,2021-06-15 20:49:25.910 UTC,126
29570,2021-07-10 13:54:40.976 UTC,126
29224,2021-06-15 20:58:40.698 UTC,125
62735,2021-06-22 18:56:16.020 UTC,125
29603,2021-06-16 16:08:09.522 UTC,124
28349,2021-06-17 06:58:24.378 UTC,124
62665,2021-07-19 13:48:53.053 UTC,123
27022,2021-06-17 16:29:36.375 UTC,123
63942,2021-06-18 14:58:55.697 UTC,123
28644,2021-06-16 13:33:27.840 UTC,122
22376,2021-06-22 07:25:23.243 UTC,122
26936,2021-08-19 05:04:10.741 UTC,122
23492,2021-07-28 10:30:40.787 UTC,121
28231,2021-06-15 09:59:27.026 UTC,121
48188,2021-06-15 12:57:31.829 UTC,121
28079,2021-06-15 06:24:49.637 UTC,120
22355,2021-08-09 13:07:51.306 UTC,120
27569,2021-08-12 12:22:04.161 UTC,120
22819,2021-06-28 07:20:05.038 UTC,119
20650,2021-07-22 16:05:08.415 UTC,119
47521,2021-06-14 16:03:36.238 UTC,118
27679,2021-07-11 15:51:05.448 UTC,117
28678,2021-08-21 12:50:02.355 UTC,117
62000,2021-06-21 15:30:14.806 UTC,116
30049,2021-07-14 09:16:36.441 UTC,115
25823,2021-07-28 14:21:23.098 UTC,115
47776,2021-06-14 13:39:46.609 UTC,115
61178,2021-08-08 12:48:19.916 UTC,113
27020,2021-07-16 07:52:02.564 UTC,113
25765,2021-08-26 05:22:30.586 UTC,112
47687,2021-06-15 09:32:15.909 UTC,111
62761,2021-06-18 15:59:21.158 UTC,110
47944,2021-08-23 12:00:46.759 UTC,110
29109,2021-07-31 00:57:04.167 UTC,108
63154,2021-08-16 21:19:09.011 UTC,107
25838,2021-07-11 21:35:11.479 UTC,107
25406,2021-08-16 10:53:41.858 UTC,107
47506,2021-08-14 06:23:16.625 UTC,106
47468,2021-07-11 00:01:08.707 UTC,105
27194,2021-06-21 07:12:37.211 UTC,105
47947,2021-06-20 05:09:15.915 UTC,105
29269,2021-06-16 15:54:08.080 UTC,104
26327,2021-08-14 13:22:31.196 UTC,104
28712,2021-06-16 16:37:39.274 UTC,102
25994,2021-07-15 08:36:25.423 UTC,101
27415,2021-08-19 21:38:02.515 UTC,101
62168,2021-08-16 06:54:16.600 UTC,100
21087,2021-08-24 14:27:44.719 UTC,100
62433,2021-07-27 16:59:32.953 UTC,100
27764,2021-07-21 08:11:41.361 UTC,99
29472,2021-07-23 21:54:10.342 UTC,99
27384,2021-08-03 06:52:32.082 UTC,99
21108,2021-06-24 04:41:43.332 UTC,99
24869,2021-08-01 23:21:35.659 UTC,98
47701,2021-06-14 14:11:45.393 UTC,98
27578,2021-06-14 18:19:17.352 UTC,97
61345,2021-06-15 18:42:39.065 UTC,97
26362,2021-06-16 18:59:18.181 UTC,97
28992,2021-08-21 00:04:04.656 UTC,97
29231,2021-06-23 13:52:03.920 UTC,97
29509,2021-07-24 16:33:18.288 UTC,97
29349,2021-06-29 20:41:06.682 UTC,96
25910,2021-08-08 09:05:20.032 UTC,96
29323,2021-06-24 16:58:19.885 UTC,96
24548,2021-06-14 21:36:01.780 UTC,95
21582,2021-06-19 22:21:53.384 UTC,95
24957,2021-07-10 05:18:54.176 UTC,95
29376,2021-08-05 16:27:12.702 UTC,95
29060,2021-08-17 12:22:02.979 UTC,95
24284,2021-06-16 07:05:00.559 UTC,95
29125,2021-07-22 10:21:54.978 UTC,94
30065,2021-07-21 07:42:07.367 UTC,93
29199,2021-07-18 20:09:42.542 UTC,93
30011,2021-08-20 17:16:37.818 UTC,93
61408,2021-06-26 10:59:04.954 UTC,92
28126,2021-06-16 05:46:48.002 UTC,92
29732,2021-06-17 06:35:45.711 UTC,92
29833,2021-08-24 03:27:09.331 UTC,92
61491,2021-07-20 19:30:48.538 UTC,92
27548,2021-06-17 07:31:19.516 UTC,91
28132,2021-06-15 12:41:11.758 UTC,91
24921,2021-06-16 07:22:53.040 UTC,91
29339,2021-06-15 14:22:30.921 UTC,91
28340,2021-07-16 20:02:00.871 UTC,91
24851,2021-07-04 12:29:48.773 UTC,90
27250,2021-08-27 09:17:09.819 UTC,90
62059,2021-07-23 12:13:17.700 UTC,90
62728,2021-08-01 12:02:45.680 UTC,90
28117,2021-06-18 09:36:06.172 UTC,89
29817,2021-08-10 21:13:34.313 UTC,89
63167,2021-07-21 18:01:51.627 UTC,88
25897,2021-06-25 11:48:05.132 UTC,88
29148,2021-06-15 09:11:29.055 UTC,87
62328,2021-08-13 11:12:59.949 UTC,87
61805,2021-07-15 06:17:01.811 UTC,87
25832,2021-06-21 12:50:13.978 UTC,87
29028,2021-06-16 15:07:15.378 UTC,86
61246,2021-06-20 18:06:48.132 UTC,86
29072,2021-08-10 09:52:22.531 UTC,84
26958,2021-08-09 20:19:08.121 UTC,83
26523,2021-07-03 16:35:39.717 UTC,83
47789,2021-07-15 09:51:14.178 UTC,83
62914,2021-08-18 20:16:54.097 UTC,83
28215,2021-08-26 14:32:01.128 UTC,83
29592,2021-06-16 18:40:48.783 UTC,83
26133,2021-08-06 15:11:37.787 UTC,83
28179,2021-07-30 06:54:29.304 UTC,82
22839,2021-06-14 23:25:11.888 UTC,81
27207,2021-07-12 19:11:34.301 UTC,81
29253,2021-06-14 10:59:20.980 UTC,81
48071,2021-08-26 14:55:59.165 UTC,81
63652,2021-08-21 21:28:38.656 UTC,81
26610,2021-08-12 13:11:34.642 UTC,80
24836,2021-07-06 20:01:39.032 UTC,80
48219,2021-06-15 23:33:08.716 UTC,80
22277,2021-08-07 08:26:18.174 UTC,80
29442,2021-08-24 15:11:25.536 UTC,79
48114,2021-08-02 14:31:51.914 UTC,79
32169,2021-06-16 17:59:38.142 UTC,79
25013,2021-06-22 08:24:21.296 UTC,79
62321,2021-06-18 20:45:52.147 UTC,79
29328,2021-08-18 14:37:14.683 UTC,79
61606,2021-08-05 05:40:20.957 UTC,79
28029,2021-06-29 21:58:18.266 UTC,79
62790,2021-06-18 22:50:55.931 UTC,78
48164,2021-07-26 23:07:44.184 UTC,78
29187,2021-06-14 10:47:15.768 UTC,77
28832,2021-06-15 13:18:58.763 UTC,76
47704,2021-07-25 12:47:36.752 UTC,76
23095,2021-07-09 21:25:09.575 UTC,76
22868,2021-06-18 13:17:58.325 UTC,76
29633,2021-07-03 08:22:12.850 UTC,76
63442,2021-08-12 08:49:32.420 UTC,75
25172,2021-06-17 11:21:20.433 UTC,75
47903,2021-08-23 15:25:41.990 UTC,75
24790,2021-08-21 11:03:40.123 UTC,75
26304,2021-06-29 05:48:53.474 UTC,75
24746,2021-07-04 09:51:44.499 UTC,75
26871,2021-06-15 04:53:40.312 UTC,75
62406,2021-06-21 16:03:23.173 UTC,75
62611,2021-06-14 18:21:30.547 UTC,74
25428,2021-06-28 14:17:07.975 UTC,73
25147,2021-08-03 20:50:18.815 UTC,73
61224,2021-08-07 20:20:03.187 UTC,73
63055,2021-07-19 13:12:57.009 UTC,73
62954,2021-06-16 22:20:08.337 UTC,72
63001,2021-07-18 18:23:47.799 UTC,72
24829,2021-06-20 06:48:53.150 UTC,72
24703,2021-07-22 13:01:57.164 UTC,72
29093,2021-06-19 10:25:03.484 UTC,72
63808,2021-07-28 11:14:57.086 UTC,72
29918,2021-06-22 11:55:01.182 UTC,71
62547,2021-06-24 09:50:47.047 UTC,71
62837,2021-07-28 21:28:16.386 UTC,71
32198,2021-08-02 01:41:57.523 UTC,71
27004,2021-08-28 06:31:43.237 UTC,70
29589,2021-07-21 16:05:43.483 UTC,70
24817,2021-08-16 11:46:02.010 UTC,70
29559,2021-08-20 21:03:27.739 UTC,69
62508,2021-06-14 21:07:47.109 UTC,69
22261,2021-06-20 06:41:41.963 UTC,69
24947,2021-08-13 12:17:00.548 UTC,69
29112,2021-08-11 08:41:07.569 UTC,68
27200,2021-08-30 20:19:44.741 UTC,68
63094,2021-08-14 13:54:37.128 UTC,67
25394,2021-06-16 14:17:10.982 UTC,67
25152,2021-08-28 19:18:51.431 UTC,67
26705,2021-08-13 06:26:37.334 UTC,66
63780,2021-07-27 09:27:02.015 UTC,66
26132,2021-07-22 13:20:10.687 UTC,66
47977,2021-08-17 10:50:30.041 UTC,66
27667,2021-07-29 12:39:33.005 UTC,66
24941,2021-06-29 18:22:04.425 UTC,66
62096,2021-06-14 18:53:23.436 UTC,66
63069,2021-08-17 19:58:59.383 UTC,66
28487,2021-08-11 18:45:02.051 UTC,65
62976,2021-06-21 18:20:00.336 UTC,65
47749,2021-08-30 14:30:09.150 UTC,65
63710,2021-06-30 15:33:30.204 UTC,65
61257,2021-08-09 08:32:10.034 UTC,64
27260,2021-07-08 13:13:55.203 UTC,64
26935,2021-08-10 15:06:04.419 UTC,64
25257,2021-06-30 12:45:13.919 UTC,64
62859,2021-07-23 16:12:40.933 UTC,63
22366,2021-07-24 12:15:24.111 UTC,63
26013,2021-08-24 11:29:29.248 UTC,63
29381,2021-06-24 17:10:39.066 UTC,63
25646,2021-08-11 09:03:13.051 UTC,62
61797,2021-07-13 20:28:29.390 UTC,62
47873,2021-06-18 13:04:33.866 UTC,61
29798,2021-07-30 14:25:52.452 UTC,61
27583,2021-08-20 04:49:54.748 UTC,61
26106,2021-06-15 05:38:58.256 UTC,61
29260,2021-07-12 09:04:21.298 UTC,60
47911,2021-06-14 10:22:58.627 UTC,60
29943,2021-06-22 13:08:17.953 UTC,60
29290,2021-08-06 14:23:30.595 UTC,60
64562,2021-08-09 17:55:25.388 UTC,60
62944,2021-07-05 19:49:59.719 UTC,59
30010,2021-07-14 17:05:03.893 UTC,59
25686,2021-06-24 07:16:12.341 UTC,59
61628,2021-08-19 13:10:03.764 UTC,59
47932,2021-06-20 20:38:30.756 UTC,59
22871,2021-07-29 05:25:24.063 UTC,59
61703,2021-08-31 08:29:24.249 UTC,59
48134,2021-06-14 14:56:38.357 UTC,59
29400,2021-06-23 06:03:34.542 UTC,58
64451,2021-07-23 09:33:38.873 UTC,58
26981,2021-06-17 14:35:03.595 UTC,58
25611,2021-06-15 15:04:00.823 UTC,58
28158,2021-08-08 22:40:08.573 UTC,58
27193,2021-07-12 06:24:59.257 UTC,58
24854,2021-08-25 12:17:50.553 UTC,57
62366,2021-06-14 11:16:05.735 UTC,57
24848,2021-07-15 21:55:00.262 UTC,57
47837,2021-06-14 13:25:33.680 UTC,57
26608,2021-08-27 08:56:14.823 UTC,57
20243,2021-08-05 03:28:30.740 UTC,57
62631,2021-07-07 10:35:41.604 UTC,56
28569,2021-07-01 16:13:37.856 UTC,56
63002,2021-06-21 19:20:31.948 UTC,56
25182,2021-06-14 17:19:02.438 UTC,56
26667,2021-08-29 21:59:32.162 UTC,56
28787,2021-06-17 22:53:38.647 UTC,56
48028,2021-06-19 19:01:30.748 UTC,55
25092,2021-06-23 08:40:49.069 UTC,55
29086,2021-06-19 18:33:34.363 UTC,54
26927,2021-07-26 15:11:05.954 UTC,54
28675,2021-06-16 13:52:58.575 UTC,53
29673,2021-07-04 12:29:21.373 UTC,53
62984,2021-07-23 07:16:48.021 UTC,53
22508,2021-07-23 13:59:22.765 UTC,53
25558,2021-06-20 07:07:58.646 UTC,52
23846,2021-07-29 01:16:15.610 UTC,52
25567,2021-06-17 09:11:26.031 UTC,52
26128,2021-06-30 09:46:11.208 UTC,52
25194,2021-06-24 16:36:24.654 UTC,52
29568,2021-06-22 19:06:10.997 UTC,52
27778,2021-07-29 09:59:39.381 UTC,52
29346,2021-08-21 07:48:26.624 UTC,51
25265,2021-08-27 13:19:57.964 UTC,51
27375,2021-08-25 23:55:16.542 UTC,51
25219,2021-07-06 11:25:05.163 UTC,51
47783,2021-06-15 22:46:34.244 UTC,50
22479,2021-08-12 14:15:44.350 UTC,50
61735,2021-08-29 21:59:08.461 UTC,50
24007,2021-08-30 05:19:54.600 UTC,50
28733,2021-08-02 12:14:10.475 UTC,50
63195,2021-06-20 14:29:26.320 UTC,50
63052,2021-08-25 07:28:16.145 UTC,49
48088,2021-06-20 14:35:38.554 UTC,49
25587,2021-08-23 21:03:29.678 UTC,49
47866,2021-06-17 10:33:19.215 UTC,49
25677,2021-06-17 07:29:34.651 UTC,48
62517,2021-06-28 14:08:26.036 UTC,48
61550,2021-06-19 20:32:13.498 UTC,48
26960,2021-08-25 15:31:05.926 UTC,47
30015,2021-06-15 13:22:41.948 UTC,47
24893,2021-08-17 05:35:51.287 UTC,47
61386,2021-06-14 11:03:38.079 UTC,47
62609,2021-08-15 15:44:23.635 UTC,47
47476,2021-06-17 00:17:36.427 UTC,47
63468,2021-06-19 21:28:11.527 UTC,47
28122,2021-08-16 20:18:16.863 UTC,46
25535,2021-06-23 07:40:09.735 UTC,46
32192,2021-06-16 06:13:39.805 UTC,46
25806,2021-08-26 19:07:55.200 UTC,46
22034,2021-06-16 11:02:39.003 UTC,46
26497,2021-07-01 10:13:30.276 UTC,45
27503,2021-06-24 20:27:56.356 UTC,45
28798,2021-06-18 14:55:25.321 UTC,45
29733,2021-08-09 19:53:17.891 UTC,45
29402,2021-06-15 09:45:35.439 UTC,44
28989,2021-08-17 20:29:32.631 UTC,44
26460,2021-06-23 15:16:15.735 UTC,44
27122,2021-08-07 17:45:09.986 UTC,44
25018,2021-07-16 14:27:50.806 UTC,44
26675,2021-06-15 10:52:46.706 UTC,43
29527,2021-06-19 18:15:55.090 UTC,43
28306,2021-08-12 14:27:07.018 UTC,43
28204,2021-08-28 17:21:38.717 UTC,43
24819,2021-06-28 08:10:48.628 UTC,43
62518,2021-07-15 14:27:35.405 UTC,42
27661,2021-06-25 07:49:43.523 UTC,42
27327,2021-07-08 17:42:28.649 UTC,42
29916,2021-07-27 19:44:07.008 UTC,41
28969,2021-06-16 09:13:47.239 UTC,41
61192,2021-06-18 13:45:26.749 UTC,41
29995,2021-06-20 08:29:37.804 UTC,41
47723,2021-06-15 10:48:16.325 UTC,41
29923,2021-06-15 10:51:42.042 UTC,41
61802,2021-06-15 14:33:54.042 UTC,41
27407,2021-07-17 13:51:58.880 UTC,40
29992,2021-07-24 22:54:06.876 UTC,40
32157,2021-08-21 05:37:08.488 UTC,40
25585,2021-06-28 06:36:57.461 UTC,40
47965,2021-06-19 13:03:10.400 UTC,40
25360,2021-08-31 07:48:27.650 UTC,40
21618,2021-07-24 14:52:03.680 UTC,40
27689,2021-08-30 15:14:21.970 UTC,40
29169,2021-07-05 14:46:32.243 UTC,40
62017,2021-06-15 14:55:28.068 UTC,40
23570,2021-06-21 08:09:10.872 UTC,40
25316,2021-08-19 07:41:50.449 UTC,40
29236,2021-06-15 10:29:08.444 UTC,40
28246,2021-08-17 11:34:40.545 UTC,39
62974,2021-06-25 13:32:39.518 UTC,39
61644,2021-06-15 04:39:38.074 UTC,39
47695,2021-06-24 14:28:40.484 UTC,39
22039,2021-06-28 13:37:55.999 UTC,39
27642,2021-07-29 12:28:05.805 UTC,39
61736,2021-07-05 04:20:19.134 UTC,39
27282,2021-06-21 07:50:31.462 UTC,39
27319,2021-08-05 10:39:04.404 UTC,39
25831,2021-08-05 17:17:16.622 UTC,39
27154,2021-06-30 19:41:23.735 UTC,38
29718,2021-08-04 21:57:47.548 UTC,38
32185,2021-06-15 04:02:26.405 UTC,38
62061,2021-06-15 20:55:16.080 UTC,38
24623,2021-07-21 08:03:27.327 UTC,38
62292,2021-08-22 12:57:30.314 UTC,38
28952,2021-06-15 15:52:33.491 UTC,37
63046,2021-07-29 11:22:45.512 UTC,37
29972,2021-06-14 16:00:23.106 UTC,37
32155,2021-08-01 20:58:07.039 UTC,37
47519,2021-06-27 07:49:57.462 UTC,37
23893,2021-08-22 10:06:48.265 UTC,37
47884,2021-06-15 10:21:28.030 UTC,37
47954,2021-06-18 11:47:03.838 UTC,36
28249,2021-07-23 21:08:34.015 UTC,36
48055,2021-06-20 12:12:18.069 UTC,36
24730,2021-06-18 08:24:02.067 UTC,36
26772,2021-06-20 01:37:14.458 UTC,36
29750,2021-07-27 23:53:49.957 UTC,36
24855,2021-08-31 08:18:06.222 UTC,35
61340,2021-08-28 15:25:57.642 UTC,35
21637,2021-07-01 09:30:07.405 UTC,35
29247,2021-06-16 17:36:54.646 UTC,35
29924,2021-06-24 13:09:18.703 UTC,35
29513,2021-06-14 16:45:01.091 UTC,34
26684,2021-06-15 16:38:20.793 UTC,34
26003,2021-06-19 23:37:20.825 UTC,34
25744,2021-07-22 05:47:42.399 UTC,34
26906,2021-08-30 19:45:16.029 UTC,34
62500,2021-06-28 04:14:02.832 UTC,34
64495,2021-07-27 09:16:32.673 UTC,33
29653,2021-08-06 21:36:13.688 UTC,33
27173,2021-07-06 21:10:42.712 UTC,33
29412,2021-06-15 09:11:22.804 UTC,33
24816,2021-07-28 07:50:17.489 UTC,33
25429,2021-07-29 07:00:06.984 UTC,33
62776,2021-06-15 17:45:35.339 UTC,32
25835,2021-06-19 11:32:22.603 UTC,32
63024,2021-07-09 21:02:24.631 UTC,32
61215,2021-06-14 16:13:05.634 UTC,32
26862,2021-07-21 09:07:06.278 UTC,32
48049,2021-07-29 16:35:29.534 UTC,31
26819,2021-07-04 19:04:15.181 UTC,31
62856,2021-06-16 13:40:07.453 UTC,31
29156,2021-07-15 07:10:56.325 UTC,31
23407,2021-06-16 07:35:46.101 UTC,31
20507,2021-06-30 12:21:54.159 UTC,31
30008,2021-07-07 18:44:58.784 UTC,31
28511,2021-07-28 23:20:10.941 UTC,31
29612,2021-07-16 21:02:17.471 UTC,31
63016,2021-07-20 09:15:41.340 UTC,30
47883,2021-08-20 20:41:59.759 UTC,30
29684,2021-08-06 10:16:45.035 UTC,30
63665,2021-07-18 19:09:54.092 UTC,30
23852,2021-07-24 07:07:21.223 UTC,30
29194,2021-07-18 23:36:06.805 UTC,30
25157,2021-08-11 13:34:37.269 UTC,30
25493,2021-07-26 21:31:17.870 UTC,30
62824,2021-08-11 18:41:31.763 UTC,30
32149,2021-07-24 11:41:23.033 UTC,30
47545,2021-08-31 09:20:21.724 UTC,30
22326,2021-07-12 17:36:42.217 UTC,30
23224,2021-08-24 12:39:24.379 UTC,30
64202,2021-06-24 13:26:00.506 UTC,30
26472,2021-06-15 12:24:17.154 UTC,30
26135,2021-08-22 14:02:42.720 UTC,29
29380,2021-06-17 20:33:53.569 UTC,29
28141,2021-08-20 21:41:23.260 UTC,29
25231,2021-08-17 13:16:47.553 UTC,29
29359,2021-07-04 16:42:43.609 UTC,29
28077,2021-07-25 05:44:20.566 UTC,29
63667,2021-07-03 05:34:06.133 UTC,29
27832,2021-06-30 13:07:31.864 UTC,29
32186,2021-06-22 07:13:38.152 UTC,28
29397,2021-06-30 10:29:43.436 UTC,28
26246,2021-06-17 09:51:04.547 UTC,28
29655,2021-06-14 16:09:09.490 UTC,28
29858,2021-06-29 22:00:14.548 UTC,28
27500,2021-07-25 16:15:43.444 UTC,28
21817,2021-07-20 10:10:23.869 UTC,28
47919,2021-06-18 09:32:37.471 UTC,28
61561,2021-06-24 11:26:05.678 UTC,28
28575,2021-07-12 17:26:53.721 UTC,28
62815,2021-07-01 12:12:20.795 UTC,28
62523,2021-07-26 20:18:25.759 UTC,28
61238,2021-06-14 13:32:53.508 UTC,27
29162,2021-07-14 10:30:00.876 UTC,27
63762,2021-08-13 10:06:10.737 UTC,27
62008,2021-06-15 08:53:27.812 UTC,27
47784,2021-08-13 06:53:22.884 UTC,26
62645,2021-06-17 07:52:42.256 UTC,26
21391,2021-08-08 18:51:24.358 UTC,26
28361,2021-06-26 07:29:49.921 UTC,26
47992,2021-06-22 22:32:27.192 UTC,26
47449,2021-06-15 19:46:19.122 UTC,26
24683,2021-06-20 12:38:16.808 UTC,26
29656,2021-06-19 16:40:58.327 UTC,26
64416,2021-07-25 15:19:38.771 UTC,26
25200,2021-08-01 18:32:59.491 UTC,26
29153,2021-07-31 22:06:00.675 UTC,26
26239,2021-06-15 08:10:03.598 UTC,26
61817,2021-07-25 21:07:20.637 UTC,26
63569,2021-07-14 15:31:11.126 UTC,25
61383,2021-07-20 14:55:17.690 UTC,25
63811,2021-06-15 08:46:18.400 UTC,25
63076,2021-08-20 08:38:02.854 UTC,25
29181,2021-06-19 09:56:11.190 UTC,25
25372,2021-07-21 20:19:04.375 UTC,25
25093,2021-07-20 18:23:10.395 UTC,24
21400,2021-06-15 16:57:32.709 UTC,24
29006,2021-06-30 05:32:04.825 UTC,24
28673,2021-06-21 22:49:19.427 UTC,24
24320,2021-06-18 07:23:03.061 UTC,24
23975,2021-06-24 07:52:32.500 UTC,24
47941,2021-06-16 10:17:44.761 UTC,24
30028,2021-07-30 15:25:32.695 UTC,24
29588,2021-07-07 21:32:14.182 UTC,24
28848,2021-06-20 13:01:28.879 UTC,24
23549,2021-06-15 18:34:21.561 UTC,24
20531,2021-06-16 08:12:59.464 UTC,23
29841,2021-08-29 06:47:14.498 UTC,23
25821,2021-06-25 22:07:25.368 UTC,23
63466,2021-08-02 07:38:17.788 UTC,23
20676,2021-06-27 12:48:21.294 UTC,23
28255,2021-06-18 12:22:05.793 UTC,23
28827,2021-08-27 23:20:17.628 UTC,23
24808,2021-08-31 07:11:30.980 UTC,23
24075,2021-07-28 14:33:20.373 UTC,23
24024,2021-08-18 10:24:09.650 UTC,22
63080,2021-08-20 11:03:28.522 UTC,22
63676,2021-06-23 17:10:31.179 UTC,22
29915,2021-06-17 14:48:05.126 UTC,22
25046,2021-06-17 08:26:40.435 UTC,22
29049,2021-08-05 20:38:04.086 UTC,22
26744,2021-06-21 23:29:33.047 UTC,22
32168,2021-08-27 15:03:52.350 UTC,21
29578,2021-06-17 23:20:03.059 UTC,21
29854,2021-06-15 12:13:06.411 UTC,21
47712,2021-06-19 07:06:06.838 UTC,21
29389,2021-06-17 05:01:59.093 UTC,21
62137,2021-06-27 13:59:18.320 UTC,21
25341,2021-06-15 06:47:35.259 UTC,21
28961,2021-07-10 12:53:07.112 UTC,21
28715,2021-06-23 08:55:03.162 UTC,21
25165,2021-08-09 06:30:12.515 UTC,20
26965,2021-06-16 17:59:31.444 UTC,20
47433,2021-06-14 12:36:06.661 UTC,20
61949,2021-06-22 01:30:33.882 UTC,20
24238,2021-06-16 21:32:48.097 UTC,20
27786,2021-08-14 07:13:07.237 UTC,20
26984,2021-06-28 05:04:57.074 UTC,20
29928,2021-07-14 08:19:26.068 UTC,20
47536,2021-06-22 14:16:53.718 UTC,20
29869,2021-06-15 15:51:02.360 UTC,20
28125,2021-07-24 21:26:40.806 UTC,20
29511,2021-07-20 17:40:21.145 UTC,20
47889,2021-07-07 09:23:09.871 UTC,20
62525,2021-06-18 20:53:05.495 UTC,19
61279,2021-07-22 16:45:37.545 UTC,19
25254,2021-06-15 09:39:07.707 UTC,19
24083,2021-07-18 15:57:42.269 UTC,19
61370,2021-07-24 22:27:19.146 UTC,19
62427,2021-08-15 13:58:58.953 UTC,19
26336,2021-08-22 13:05:32.848 UTC,19
23736,2021-07-23 08:01:53.313 UTC,19
28393,2021-08-18 10:07:45.546 UTC,19
23168,2021-06-14 11:42:27.804 UTC,19
29938,2021-06-15 09:31:50.806 UTC,18
64384,2021-08-22 22:20:02.394 UTC,18
24407,2021-08-25 11:24:51.114 UTC,18
29902,2021-06-15 19:45:02.878 UTC,18
26017,2021-08-27 13:39:32.366 UTC,18
29338,2021-06-23 12:01:17.995 UTC,18
25771,2021-08-02 13:45:43.051 UTC,18
28707,2021-07-15 14:04:49.514 UTC,18
25790,2021-06-20 22:59:11.402 UTC,18
29659,2021-07-31 08:19:26.494 UTC,18
29894,2021-06-26 14:11:25.495 UTC,18
62644,2021-06-20 18:25:39.934 UTC,18
61528,2021-06-14 10:53:14.634 UTC,18
24605,2021-07-10 20:25:08.924 UTC,18
21524,2021-07-07 18:47:07.389 UTC,18
21736,2021-06-19 11:38:02.286 UTC,17
24738,2021-07-06 11:16:19.198 UTC,17
29074,2021-06-14 20:22:33.852 UTC,17
25171,2021-08-17 16:48:03.031 UTC,17
23475,2021-06-30 21:10:28.641 UTC,17
29235,2021-06-27 07:44:26.654 UTC,17
29810,2021-08-08 21:17:36.872 UTC,17
26852,2021-07-02 18:16:36.793 UTC,17
32142,2021-06-22 09:11:08.390 UTC,17
29066,2021-06-17 08:18:18.369 UTC,17
29446,2021-08-05 17:52:52.075 UTC,17
61958,2021-07-01 08:05:05.833 UTC,17
29755,2021-07-12 12:41:35.532 UTC,16
32172,2021-06-16 13:40:40.940 UTC,16
27576,2021-06-24 08:53:25.276 UTC,16
47850,2021-06-18 12:36:33.686 UTC,16
26725,2021-07-17 08:24:33.196 UTC,16
30050,2021-06-16 16:58:22.199 UTC,16
23470,2021-08-19 20:12:05.021 UTC,16
28739,2021-06-30 18:47:21.080 UTC,16
61799,2021-06-19 15:09:48.245 UTC,16
27555,2021-06-15 08:44:39.846 UTC,16
28766,2021-06-24 18:52:25.395 UTC,16
26352,2021-06-17 06:58:18.565 UTC,15
27906,2021-06-16 07:27:03.235 UTC,15
64804,2021-08-23 17:53:36.035 UTC,15
26116,2021-08-14 18:10:27.053 UTC,15
62822,2021-07-20 21:49:00.799 UTC,15
61240,2021-07-13 07:50:23.630 UTC,15
29838,2021-06-29 05:32:29.031 UTC,15
25875,2021-06-15 12:15:25.414 UTC,15
63971,2021-08-09 20:20:15.753 UTC,15
27348,2021-07-14 09:46:57.860 UTC,15
62659,2021-08-17 20:50:47.191 UTC,15
61851,2021-08-14 16:27:00.191 UTC,15
29396,2021-06-25 18:49:40.058 UTC,15
23884,2021-08-31 09:10:38.477 UTC,15
29900,2021-08-09 11:38:33.300 UTC,15
25483,2021-07-02 09:38:09.772 UTC,15
22859,2021-06-21 15:26:21.140 UTC,15
26686,2021-06-20 18:56:54.709 UTC,15
26658,2021-08-16 10:46:46.310 UTC,15
61236,2021-08-08 11:35:00.414 UTC,15
29158,2021-06-17 09:02:02.243 UTC,14
47463,2021-08-16 16:26:13.263 UTC,14
32183,2021-06-18 11:07:04.195 UTC,14
29406,2021-06-21 01:18:31.863 UTC,14
27988,2021-07-21 20:18:45.961 UTC,14
23822,2021-06-24 11:10:21.942 UTC,14
29228,2021-06-14 17:02:50.327 UTC,14
29556,2021-07-29 08:28:48.985 UTC,14
25810,2021-07-14 08:20:41.680 UTC,14
62159,2021-06-16 13:42:50.588 UTC,14
25541,2021-07-20 16:01:01.948 UTC,14
48029,2021-08-30 23:51:58.816 UTC,14
26112,2021-06-23 03:10:47.151 UTC,14
23657,2021-06-15 15:02:23.184 UTC,13
21994,2021-06-17 20:21:46.162 UTC,13
23821,2021-08-26 08:39:31.506 UTC,13
48118,2021-06-15 17:12:54.469 UTC,13
63595,2021-07-23 08:43:04.561 UTC,13
23322,2021-08-18 21:13:25.628 UTC,13
48183,2021-08-04 08:31:05.459 UTC,13
47517,2021-07-29 07:56:47.952 UTC,13
62842,2021-08-30 11:27:47.094 UTC,13
27167,2021-08-30 22:17:13.114 UTC,13
29553,2021-07-22 11:00:03.508 UTC,13
32181,2021-08-13 06:10:49.954 UTC,13
30003,2021-07-19 11:49:25.800 UTC,13
25668,2021-06-22 09:10:25.609 UTC,13
62917,2021-06-16 22:29:05.320 UTC,13
28903,2021-07-13 05:51:34.706 UTC,13
22754,2021-06-14 14:55:20.791 UTC,13
27588,2021-08-30 16:59:51.622 UTC,12
24986,2021-07-02 08:56:48.447 UTC,12
29512,2021-06-16 05:41:21.628 UTC,12
47757,2021-08-26 07:32:44.098 UTC,12
29104,2021-08-11 17:53:20.225 UTC,12
27366,2021-07-31 07:40:58.539 UTC,12
62460,2021-06-24 10:55:41.035 UTC,12
61667,2021-06-22 13:31:49.793 UTC,12
25061,2021-07-06 22:10:34.635 UTC,12
32176,2021-07-21 10:04:17.746 UTC,12
61559,2021-07-01 09:57:24.735 UTC,11
25376,2021-06-18 22:24:06.416 UTC,11
23145,2021-08-10 19:16:45.392 UTC,11
62407,2021-07-30 19:31:35.650 UTC,11
61602,2021-06-18 12:53:49.946 UTC,11
29079,2021-07-13 09:25:55.717 UTC,11
26273,2021-08-04 20:34:03.941 UTC,11
23815,2021-06-15 12:38:22.842 UTC,11
27672,2021-06-15 20:11:23.729 UTC,11
61193,2021-08-20 17:06:09.851 UTC,11
48052,2021-08-13 18:36:10.780 UTC,11
26543,2021-08-31 07:45:24.858 UTC,11
47907,2021-07-20 13:51:54.340 UTC,11
28948,2021-07-30 23:40:31.720 UTC,11
24257,2021-06-30 10:46:18.608 UTC,10
47737,2021-06-19 15:43:11.341 UTC,10
26241,2021-06-16 16:07:33.145 UTC,10
24966,2021-08-09 22:52:10.181 UTC,10
25659,2021-07-04 10:34:25.393 UTC,10
23667,2021-08-10 18:43:02.385 UTC,10
29248,2021-08-19 08:55:37.208 UTC,10
63000,2021-07-08 17:45:21.369 UTC,10
28364,2021-07-04 11:13:43.026 UTC,10
26163,2021-07-04 10:21:48.433 UTC,10
25150,2021-07-06 16:29:01.233 UTC,10
28080,2021-06-15 14:51:12.877 UTC,10
29456,2021-07-08 09:34:07.550 UTC,10
63798,2021-08-25 14:48:03.539 UTC,10
64443,2021-08-14 12:34:44.240 UTC,10
27780,2021-06-16 06:48:41.624 UTC,10
23042,2021-06-21 14:12:33.595 UTC,10
24750,2021-08-10 07:14:06.508 UTC,10
29742,2021-08-27 10:37:37.300 UTC,9
22510,2021-06-15 14:34:20.623 UTC,9
20328,2021-07-24 08:59:27.542 UTC,9
24255,2021-07-04 11:58:51.338 UTC,9
62474,2021-08-23 09:13:13.679 UTC,9
48000,2021-07-09 09:37:48.292 UTC,9
22290,2021-08-29 12:00:14.120 UTC,9
24844,2021-07-22 10:17:45.209 UTC,9
26234,2021-08-24 17:39:58.410 UTC,9
28962,2021-07-03 15:17:47.422 UTC,9
24863,2021-08-30 13:59:21.914 UTC,9
27978,2021-08-04 09:53:16.297 UTC,9
25306,2021-06-29 20:11:10.955 UTC,9
62175,2021-08-07 11:35:10.862 UTC,9
23323,2021-08-04 21:27:19.017 UTC,9
20320,2021-06-10 16:24:29.885 UTC,9
29173,2021-06-21 09:44:06.356 UTC,9
62384,2021-07-30 13:54:27.374 UTC,8
29243,2021-08-09 21:04:28.728 UTC,8
27886,2021-06-29 22:31:53.544 UTC,8
29766,2021-07-13 15:17:19.443 UTC,8
26495,2021-08-05 22:28:47.324 UTC,8
61487,2021-08-18 20:13:10.436 UTC,8
61427,2021-07-24 09:38:38.621 UTC,8
29219,2021-08-13 22:08:53.226 UTC,8
63018,2021-06-18 05:26:15.136 UTC,8
63054,2021-07-19 21:39:35.045 UTC,8
63894,2021-08-19 12:22:41.941 UTC,8
29646,2021-07-19 07:01:48.982 UTC,8
28987,2021-07-30 10:15:44.665 UTC,8
25929,2021-06-27 14:33:50.132 UTC,8
29788,2021-07-02 07:35:13.509 UTC,8
63044,2021-08-20 12:14:18.458 UTC,8
62582,2021-08-24 14:29:05.308 UTC,8
25443,2021-07-27 10:25:25.404 UTC,8
25381,2021-06-24 13:36:25.569 UTC,8
29552,2021-06-26 14:32:33.530 UTC,7
24980,2021-06-14 21:48:43.173 UTC,7
48070,2021-08-04 13:38:32.354 UTC,7
26400,2021-06-24 10:43:29.782 UTC,7
47785,2021-08-19 14:21:40.856 UTC,7
29263,2021-06-29 18:09:09.825 UTC,7
63011,2021-08-14 06:51:06.736 UTC,7
26577,2021-06-30 09:42:47.551 UTC,7
27052,2021-07-27 15:56:45.366 UTC,7
26872,2021-06-16 07:19:13.281 UTC,7
48087,2021-07-30 16:13:35.696 UTC,7
47938,2021-07-30 15:01:42.151 UTC,7
47894,2021-06-16 18:52:42.339 UTC,7
28371,2021-07-14 22:11:01.456 UTC,7
28278,2021-06-15 11:06:45.715 UTC,7
27206,2021-07-13 16:13:40.963 UTC,7
32152,2021-08-04 08:27:27.356 UTC,7
26891,2021-07-18 16:11:30.108 UTC,7
28888,2021-08-27 20:51:54.501 UTC,7
29394,2021-07-26 15:44:24.034 UTC,7
47431,2021-08-03 20:33:54.393 UTC,6
29901,2021-06-19 08:10:56.641 UTC,6
24104,2021-07-15 10:32:19.062 UTC,6
62743,2021-08-31 11:48:12.190 UTC,6
22721,2021-06-02 15:32:37.974 UTC,6
29587,2021-06-19 08:49:17.554 UTC,6
24935,2021-07-06 18:49:31.685 UTC,6
62908,2021-06-18 23:55:12.484 UTC,6
24049,2021-07-08 14:58:20.500 UTC,6
61807,2021-07-06 15:52:14.407 UTC,6
28496,2021-07-15 17:10:09.034 UTC,6
61470,2021-06-15 12:48:15.151 UTC,6
27231,2021-08-26 16:12:24.559 UTC,6
28859,2021-06-28 14:11:31.152 UTC,6
29665,2021-07-01 13:52:42.408 UTC,6
62057,2021-07-20 15:52:46.292 UTC,6
61622,2021-07-29 15:54:56.916 UTC,6
28801,2021-06-21 06:00:21.120 UTC,6
24409,2021-07-25 18:20:38.084 UTC,6
47696,2021-06-15 19:45:17.999 UTC,6
63131,2021-06-27 13:56:06.134 UTC,6
62172,2021-06-21 17:52:39.833 UTC,5
29419,2021-06-16 10:54:18.416 UTC,5
27274,2021-07-18 20:05:24.849 UTC,5
24454,2021-08-19 15:25:49.416 UTC,5
23197,2021-08-15 18:56:30.459 UTC,5
29362,2021-08-30 22:57:06.873 UTC,5
47892,2021-06-20 13:34:50.666 UTC,5
28119,2021-06-17 09:23:00.261 UTC,5
25737,2021-08-30 23:06:40.411 UTC,5
23995,2021-07-28 06:06:23.918 UTC,5
28442,2021-08-29 16:59:16.143 UTC,5
24607,2021-06-25 08:59:56.853 UTC,5
29537,2021-07-30 15:57:55.804 UTC,5
26225,2021-07-19 15:11:05.020 UTC,5
63988,2021-06-17 10:20:59.857 UTC,5
26555,2021-08-29 19:32:44.405 UTC,5
25136,2021-06-16 08:18:46.098 UTC,5
27772,2021-08-23 07:08:06.699 UTC,5
61902,2021-06-21 08:57:45.175 UTC,5
62354,2021-06-17 08:55:31.438 UTC,5
64947,2021-08-29 11:54:58.821 UTC,4
47702,2021-06-19 12:56:38.761 UTC,4
26999,2021-07-20 18:30:00.660 UTC,4
26377,2021-06-19 12:43:17.404 UTC,4
64380,2021-07-30 15:50:09.510 UTC,4
25332,2021-07-20 17:15:18.009 UTC,4
26045,2021-08-30 06:28:36.462 UTC,4
23364,2021-08-25 19:35:25.470 UTC,4
27143,2021-07-14 15:36:18.291 UTC,4
63621,2021-06-14 11:22:15.699 UTC,4
25481,2021-08-30 16:44:45.953 UTC,4
61611,2021-06-15 13:22:24.775 UTC,4
48196,2021-06-15 11:06:50.088 UTC,4
25691,2021-08-23 00:24:51.488 UTC,4
62131,2021-07-31 11:58:18.596 UTC,4
25062,2021-06-24 14:20:16.981 UTC,4
26144,2021-08-29 04:05:54.150 UTC,4
28386,2021-06-15 19:18:30.339 UTC,4
27377,2021-08-23 11:14:16.735 UTC,4
29932,2021-08-30 19:21:45.211 UTC,4
25353,2021-06-23 11:17:29.321 UTC,4
61258,2021-07-19 09:50:35.701 UTC,4
29820,2021-06-21 06:10:11.369 UTC,4
29546,2021-08-15 21:09:21.482 UTC,3
29725,2021-07-12 11:52:16.099 UTC,3
25872,2021-06-18 17:10:46.471 UTC,3
62957,2021-08-02 19:00:38.427 UTC,3
22216,2021-08-17 22:36:59.158 UTC,3
48214,2021-06-15 22:25:48.390 UTC,3
29636,2021-08-05 15:18:12.688 UTC,3
24690,2021-07-07 08:20:55.971 UTC,3
29326,2021-08-23 22:05:37.604 UTC,3
26826,2021-06-22 17:21:30.222 UTC,3
25454,2021-07-07 09:26:26.245 UTC,3
29713,2021-06-18 20:57:28.965 UTC,3
25524,2021-06-14 21:56:49.767 UTC,3
24726,2021-06-20 19:05:28.464 UTC,3
24276,2021-08-18 07:11:05.919 UTC,3
47435,2021-06-15 20:37:47.618 UTC,3
62963,2021-07-13 20:14:38.124 UTC,3
24372,2021-08-01 16:45:51.510 UTC,3
26808,2021-08-25 22:21:35.144 UTC,3
63937,2021-08-05 00:09:03.140 UTC,3
29029,2021-06-21 09:44:34.447 UTC,3
27866,2021-08-18 22:59:52.965 UTC,3
23690,2021-08-01 11:57:24.299 UTC,3
63012,2021-08-26 20:17:57.973 UTC,3
28024,2021-08-14 13:45:09.808 UTC,3
28284,2021-06-18 07:43:03.973 UTC,3
29435,2021-06-24 20:29:26.627 UTC,3
28911,2021-08-19 16:35:07.060 UTC,3
26980,2021-06-21 06:25:30.770 UTC,3
47750,2021-08-03 23:30:11.134 UTC,3
29186,2021-06-18 16:11:44.806 UTC,3
63878,2021-06-15 08:58:46.213 UTC,3
25449,2021-08-09 07:00:28.607 UTC,3
27085,2021-06-19 22:02:50.504 UTC,3
27349,2021-06-21 18:54:42.538 UTC,3
24768,2021-07-13 16:43:38.416 UTC,3
24919,2021-08-17 12:05:25.660 UTC,3
63006,2021-07-20 10:58:59.388 UTC,3
28717,2021-06-17 10:03:26.267 UTC,3
29223,2021-08-07 14:26:02.484 UTC,3
62173,2021-07-13 12:49:15.196 UTC,3
47725,2021-08-23 14:28:08.333 UTC,2
24671,2021-07-27 16:20:35.825 UTC,2
26384,2021-06-28 07:16:30.045 UTC,2
27119,2021-08-29 00:11:49.626 UTC,2
29912,2021-08-06 10:20:10.931 UTC,2
26399,2021-07-18 21:14:33.296 UTC,2
27995,2021-08-19 07:38:22.168 UTC,2
24335,2021-07-31 05:24:33.659 UTC,2
24181,2021-06-15 10:27:36.552 UTC,2
29233,2021-06-15 21:03:54.048 UTC,2
47848,2021-08-23 10:42:08.301 UTC,2
28759,2021-08-23 11:20:56.699 UTC,2
25184,2021-07-13 11:44:34.507 UTC,2
62962,2021-08-20 10:43:05.498 UTC,2
29485,2021-08-22 11:33:57.436 UTC,2
29975,2021-08-17 22:10:43.518 UTC,2
48097,2021-07-01 11:04:48.617 UTC,2
62818,2021-08-26 20:33:18.418 UTC,2
61356,2021-06-20 17:57:16.420 UTC,2
25617,2021-07-23 21:52:26.366 UTC,2
27510,2021-07-07 11:55:09.173 UTC,2
23599,2021-06-15 12:22:45.691 UTC,2
26859,2021-08-09 22:38:55.390 UTC,2
62635,2021-06-16 01:22:24.921 UTC,2
22156,2021-08-19 18:20:39.325 UTC,2
62990,2021-08-02 11:06:48.121 UTC,2
26061,2021-07-29 18:27:27.492 UTC,2
29493,2021-08-29 23:28:52.370 UTC,2
28991,2021-07-28 07:43:07.801 UTC,2
63227,2021-08-26 15:33:36.083 UTC,2
26328,2021-07-04 08:22:33.270 UTC,2
20002,2021-06-29 09:40:52.876 UTC,2
29367,2021-07-30 09:37:26.544 UTC,2
27740,2021-08-01 19:20:18.858 UTC,2
24572,2021-07-28 11:33:26.024 UTC,2
29823,2021-08-13 15:23:11.630 UTC,2
28269,2021-08-25 13:46:37.931 UTC,2
47808,2021-06-14 15:34:17.915 UTC,2
28270,2021-08-17 11:40:06.308 UTC,2
29969,2021-06-16 15:43:19.958 UTC,2
30005,2021-08-12 23:01:18.411 UTC,2
26488,2021-08-05 20:31:04.893 UTC,2
25928,2021-08-21 13:36:04.043 UTC,2
25718,2021-08-27 12:56:25.563 UTC,2
28104,2021-06-17 08:16:57.747 UTC,2
27078,2021-06-16 06:08:31.307 UTC,2
62378,2021-06-14 21:08:30.918 UTC,2
62911,2021-06-17 10:32:28.383 UTC,2
48159,2021-06-15 23:14:51.454 UTC,2
28075,2021-06-17 22:09:46.169 UTC,2
26632,2021-08-25 16:08:24.559 UTC,2
24812,2021-08-18 06:27:39.395 UTC,2
62720,2021-06-20 15:50:53.834 UTC,2
24235,2021-06-15 12:00:15.468 UTC,1
28225,2021-08-30 17:57:06.258 UTC,1
62560,2021-07-01 12:54:56.344 UTC,1
29015,2021-08-11 09:51:27.784 UTC,1
24807,2021-08-17 09:15:25.067 UTC,1
28384,2021-08-05 10:07:06.898 UTC,1
29357,2021-06-16 15:49:08.300 UTC,1
48066,2021-06-19 19:19:20.326 UTC,1
26232,2021-08-15 07:55:33.402 UTC,1
29706,2021-08-06 13:39:00.208 UTC,1
29538,2021-08-29 15:47:45.873 UTC,1
47787,2021-08-17 22:01:20.902 UTC,1
26579,2021-06-16 17:50:39.958 UTC,1
27893,2021-07-18 17:48:19.024 UTC,1
26574,2021-07-16 13:37:22.998 UTC,1
24177,2021-08-24 12:30:22.892 UTC,1
27663,2021-06-21 17:58:22.793 UTC,1
28366,2021-08-09 09:28:44.365 UTC,1
23242,2021-07-16 19:19:14.035 UTC,1
26120,2021-08-15 14:46:39.107 UTC,1
62899,2021-08-30 18:35:26.613 UTC,1
20039,2021-08-24 08:57:58.605 UTC,1
29190,2021-07-31 15:45:15.019 UTC,1
29374,2021-06-24 13:25:08.043 UTC,1
30037,2021-06-23 09:53:52.425 UTC,1
29874,2021-06-15 13:21:59.229 UTC,1
63150,2021-07-10 21:44:27.029 UTC,1
24680,2021-06-28 14:39:54.004 UTC,1
47813,2021-08-26 15:23:13.261 UTC,1
27315,2021-07-12 11:04:51.853 UTC,1
20586,2021-07-12 15:59:41.003 UTC,1
28520,2021-08-30 09:05:22.873 UTC,1
28085,2021-06-16 22:26:06.748 UTC,1
62174,2021-06-18 21:15:57.310 UTC,1
29272,2021-06-16 16:57:15.171 UTC,1
29500,2021-07-01 17:06:48.592 UTC,1
29314,2021-07-12 15:32:42.658 UTC,1
24357,2021-06-16 07:30:40.159 UTC,1
62503,2021-06-16 15:28:07.562 UTC,1
25459,2021-07-31 11:18:31.028 UTC,1
28423,2021-08-05 17:28:28.370 UTC,1
30062,2021-07-19 18:36:33.204 UTC,1
25102,2021-08-09 05:59:54.172 UTC,1
26153,2021-06-24 12:17:12.143 UTC,1
26665,2021-06-14 10:57:03.820 UTC,1
27067,2021-08-22 20:45:46.464 UTC,1
26736,2021-08-01 11:01:23.978 UTC,1
24247,2021-08-02 18:33:34.279 UTC,1
24964,2021-07-05 07:31:14.728 UTC,1
62086,2021-06-23 18:14:32.084 UTC,1
48147,2021-07-24 14:11:29.212 UTC,1
29920,2021-08-17 16:36:14.481 UTC,1
26059,2021-08-24 17:27:47.473 UTC,1
61513,2021-08-03 04:41:35.397 UTC,1
25484,2021-06-21 06:13:40.145 UTC,1
27421,2021-07-22 22:27:40.886 UTC,1
29118,2021-08-18 21:25:57.041 UTC,1
28840,2021-06-22 16:00:06.307 UTC,1
28381,2021-07-21 17:56:26.975 UTC,1
29543,2021-08-28 13:43:20.619 UTC,1
62922,2021-07-21 18:25:49.532 UTC,1
23253,2021-08-28 09:28:52.686 UTC,1
29843,2021-08-31 08:12:56.518 UTC,1
26528,2021-06-19 13:46:41.648 UTC,1
63266,2021-08-27 16:16:34.700 UTC,1
48120,2021-07-27 09:33:16.378 UTC,1
25264,2021-08-11 10:02:15.642 UTC,1
62431,2021-08-02 13:10:54.876 UTC,1
26758,2021-07-29 06:19:50.758 UTC,1
29216,2021-06-27 03:21:04.241 UTC,1
25903,2021-06-15 08:51:37.353 UTC,1
27722,2021-07-06 20:21:40.729 UTC,1
29586,2021-06-17 18:28:20.986 UTC,1
48203,2021-06-15 20:31:26.308 UTC,1
27352,2021-08-23 17:24:41.956 UTC,1
27721,2021-07-23 22:09:26.450 UTC,1
28983,2021-08-22 17:29:54.424 UTC,1
29013,2021-06-19 22:25:54.727 UTC,1
62561,2021-06-21 06:54:05.870 UTC,1
25369,2021-08-08 15:36:11.879 UTC,1
28714,2021-06-25 06:15:15.060 UTC,1
28192,2021-06-17 19:35:40.299 UTC,1
23936,2021-08-24 20:09:57.402 UTC,1
62506,2021-08-30 18:56:51.517 UTC,1
62785,2021-06-18 19:42:08.595 UTC,1
27226,2021-07-04 21:06:16.326 UTC,1
63719,2021-07-21 13:38:46.619 UTC,1
28363,2021-06-16 13:24:50.122 UTC,1
25556,2021-07-23 12:47:36.507 UTC,1
27881,2021-06-15 09:37:03.324 UTC,1
26815,2021-06-20 03:04:55.996 UTC,1
62590,2021-06-17 08:49:07.162 UTC,1
27405,2021-06-25 15:18:13.804 UTC,1
28198,2021-06-14 12:20:18.754 UTC,1
28975,2021-06-18 23:46:20.804 UTC,1
25432,2021-06-16 13:31:57.335 UTC,1
26874,2021-08-09 17:30:12.763 UTC,1
26983,2021-06-21 19:21:07.283 UTC,1
29017,2021-07-15 16:59:46.646 UTC,1
63086,2021-07-18 16:50:02.314 UTC,1
29063,2021-06-16 22:30:43.576 UTC,1
29012,2021-06-17 08:00:30.155 UTC,1
24722,2021-08-27 06:43:40.720 UTC,1
27335,2021-07-23 05:32:45.604 UTC,1
22069,2021-06-20 15:12:18.275 UTC,1
62625,2021-08-19 21:00:24.138 UTC,1
29368,2021-08-31 09:39:43.583 UTC,1
28718,2021-07-16 18:21:15.032 UTC,1
61293,2021-08-13 18:18:22.661 UTC,1
24843,2021-06-18 07:42:52.176 UTC,1
29522,2021-08-29 12:20:10.371 UTC,1
26321,2021-08-20 08:54:09.822 UTC,1
23671,2021-06-15 18:25:04.466 UTC,1
32188,2021-07-13 06:22:11.799 UTC,1
30048,2021-06-17 14:47:34.005 UTC,1
61673,2021-07-08 16:57:29.704 UTC,1
29467,2021-06-16 08:36:10.374 UTC,1
26799,2021-08-27 08:48:53.450 UTC,1
61962,2021-06-22 16:26:46.486 UTC,1
25346,2021-06-21 11:49:10.515 UTC,1
28176,2021-06-14 21:50:28.363 UTC,1
62712,2021-08-18 15:40:50.082 UTC,1
29907,2021-06-23 07:07:26.382 UTC,1
29726,2021-08-27 20:36:19.910 UTC,1
48003,2021-06-15 20:13:21.112 UTC,1
29510,2021-08-30 21:53:53.673 UTC,1
61912,2021-06-15 07:22:27.459 UTC,1
27181,2021-07-29 17:18:53.279 UTC,1
26751,2021-07-12 14:20:46.392 UTC,1
63093,2021-08-25 06:54:28.204 UTC,1
29165,2021-08-06 14:15:00.724 UTC,1
63128,2021-08-23 10:49:14.940 UTC,1
21612,2021-06-25 05:16:46.235 UTC,1
